008971cc-16f6-4f03-8ce6-666b7bc01962	M5_D18	008971cc-16f6-4f03-8ce6-666b7bc01962
13ba0d23-dce3-4454-80c1-3c9ca06506bb	M1_D15	13ba0d23-dce3-4454-80c1-3c9ca06506bb
9d2d4ab7-8489-4ea0-afb8-f9e8f6306381	M2_D13	9d2d4ab7-8489-4ea0-afb8-f9e8f6306381
b4bc5233-dce3-49c5-8616-a7fcd7e1a1a3	M5_D18	b4bc5233-dce3-49c5-8616-a7fcd7e1a1a3
0fee080e-e97a-4135-9c38-2f200b218fb9	M5_D18	b4bc5233-dce3-49c5-8616-a7fcd7e1a1a3
7110ce2b-5ae7-4c22-b2f4-de20bd886942	M5_D18	7110ce2b-5ae7-4c22-b2f4-de20bd886942
873ad722-2bb0-4587-9c98-761a48d66be5	M5_D18	873ad722-2bb0-4587-9c98-761a48d66be5
717d18cd-c34d-4a23-9933-cca29af401b1	M1_D6	717d18cd-c34d-4a23-9933-cca29af401b1
b1d78490-1b08-49fb-8586-b8aa021995a8	M1_D15	b1d78490-1b08-49fb-8586-b8aa021995a8
b371425e-071a-4390-bbbd-0bbd5a13e4b6	M3_D15	b371425e-071a-4390-bbbd-0bbd5a13e4b6
839eb2c6-8150-49b5-8df6-537fc3835e2d	M1_D15	839eb2c6-8150-49b5-8df6-537fc3835e2d
95fb7a82-8e99-4ec2-b8a5-fe7a0b0aa2d5	M5_D15	95fb7a82-8e99-4ec2-b8a5-fe7a0b0aa2d5
50ce128d-8252-4536-a692-006679df4970	M1_D15	50ce128d-8252-4536-a692-006679df4970
a251384f-9041-43e8-aa91-25cb20ec3df7	M5_D15	bc64d49a-92d1-4267-ba29-b97b6fad08a2
bc64d49a-92d1-4267-ba29-b97b6fad08a2	M5_D15	bc64d49a-92d1-4267-ba29-b97b6fad08a2
332a478c-6f0e-43b3-aa73-cc1b872c44ff	M5_D15	bc64d49a-92d1-4267-ba29-b97b6fad08a2
f12fdd73-ad0f-401d-806c-4f8b9ef092a1	M5_D15	bc64d49a-92d1-4267-ba29-b97b6fad08a2
efd3e7d9-ca0f-4a12-b3ef-77d33e0c6257	M1_D15	efd3e7d9-ca0f-4a12-b3ef-77d33e0c6257
2c6c7568-a816-5858-83f1-7340fd7d8a17	M1_D15	2c6c7568-a816-5858-83f1-7340fd7d8a17
8a570698-bbec-41ea-9c5d-63ac4d04c39c	M1_D15	7ac470f0-8cf6-4a41-9be5-5bcdd74a617a
d215be4f-df52-56af-a98c-2311bf73c5a7	M1_D15	7ac470f0-8cf6-4a41-9be5-5bcdd74a617a
a87fd69a-1e07-4293-8ffe-3540533a5715	M1_D15	7ac470f0-8cf6-4a41-9be5-5bcdd74a617a
f1d955fe-f1b9-55ec-98fc-ee8fd76db30d	M1_D15	7ac470f0-8cf6-4a41-9be5-5bcdd74a617a
519529d1-f875-495c-9a55-f81c2df51e62	M1_D15	7ac470f0-8cf6-4a41-9be5-5bcdd74a617a
3180d820-14e7-498c-9208-8a2c3d27858f	M1_D15	7ac470f0-8cf6-4a41-9be5-5bcdd74a617a
7ac470f0-8cf6-4a41-9be5-5bcdd74a617a	M1_D15	7ac470f0-8cf6-4a41-9be5-5bcdd74a617a
005c6796-d541-4c7e-a2c8-a4e7e52e5fc0	M1_D15	7ac470f0-8cf6-4a41-9be5-5bcdd74a617a
c42e46a2-4ce4-46a3-a107-8ce881ea4d30	M1_D15	7ac470f0-8cf6-4a41-9be5-5bcdd74a617a
bb2c770f-122a-4e5a-b121-1d2e41bdfb2f	M1_D15	7ac470f0-8cf6-4a41-9be5-5bcdd74a617a
4ea99a7c-6720-4a87-bd3b-335741f8d121	M5_D15	4ea99a7c-6720-4a87-bd3b-335741f8d121
a10629ac-684c-409e-9eeb-9412f59a6495	M5_D15	e7ba0049-3736-4dff-bee1-6191e2739c23
89410f51-dd76-45bd-bfe3-e52bb0d5d2c5	M5_D15	e7ba0049-3736-4dff-bee1-6191e2739c23
e7ba0049-3736-4dff-bee1-6191e2739c23	M5_D15	e7ba0049-3736-4dff-bee1-6191e2739c23
26e5c98d-8c7e-42e6-8573-b39fd3e773f7	M5_D15	e7ba0049-3736-4dff-bee1-6191e2739c23
dca22a50-d893-45e0-88cd-051466541834	M5_D15	e7ba0049-3736-4dff-bee1-6191e2739c23
1ff5479e-370a-4017-97b5-6491aa018720	M1_D15	f0933b51-8342-5217-afd3-08daed5cdb2d
17c21215-1e15-4f72-b5fb-9731166037dd	M3_D15	f0933b51-8342-5217-afd3-08daed5cdb2d
e08ffc28-d6a3-4ba4-a3f0-3b5a2afb0555	M5_D15	f0933b51-8342-5217-afd3-08daed5cdb2d
d0014782-104f-4755-93fc-8f96d52a835a	M5_D15	f0933b51-8342-5217-afd3-08daed5cdb2d
f28e94c7-a66f-4c56-865c-9927bf3f4e14	M5_D15	f0933b51-8342-5217-afd3-08daed5cdb2d
03d90b28-4706-4598-b905-0568a1f540de	M5_D15	f0933b51-8342-5217-afd3-08daed5cdb2d
af787598-dd3b-4154-b10c-fa1207bc70fd	M5_D15	f0933b51-8342-5217-afd3-08daed5cdb2d
ec858902-deb4-4153-9ba5-8a4d5d49aff8	M5_D15	f0933b51-8342-5217-afd3-08daed5cdb2d
6e093b61-9d49-415d-a6f2-62aab057c9bf	M5_D15	f0933b51-8342-5217-afd3-08daed5cdb2d
f0933b51-8342-5217-afd3-08daed5cdb2d	M5_D15	f0933b51-8342-5217-afd3-08daed5cdb2d
29c0d1f4-6527-4ade-a3ef-be20368edd69	M5_D15	f0933b51-8342-5217-afd3-08daed5cdb2d
9321fcb4-8278-5ee8-8d16-6a33ba7a3984	M5_D18	f0933b51-8342-5217-afd3-08daed5cdb2d
37cc3597-2045-44a2-ab46-e5f9d1328d85	M5_D18	f0933b51-8342-5217-afd3-08daed5cdb2d
c6f09be4-fa4c-4820-b42f-f597e6d70287	M5_D18	f0933b51-8342-5217-afd3-08daed5cdb2d
ebe6edb1-41f4-4958-80fc-68f8f99d3d21	M5_D18	f0933b51-8342-5217-afd3-08daed5cdb2d
a8ad9223-0567-40d2-ad39-4490b24675f0	M5_D18	f0933b51-8342-5217-afd3-08daed5cdb2d
905a4e3a-e1ef-49e8-b650-9c0cb38516e3	M5_D18	f0933b51-8342-5217-afd3-08daed5cdb2d
ee3c41d7-4af7-4f60-9f12-a187720ee020	M5_D18	f0933b51-8342-5217-afd3-08daed5cdb2d
5ea2d9bd-d7c1-4447-886f-4b1663083524	M5_D18	f0933b51-8342-5217-afd3-08daed5cdb2d
47c06627-8f9b-47bc-9f48-32f9c3164b84	M5_D18	f0933b51-8342-5217-afd3-08daed5cdb2d
4c94b410-e611-4a20-96f0-5daefd118a45	M5_D18	f0933b51-8342-5217-afd3-08daed5cdb2d
356772e4-9cc4-458d-9e35-cbafcaba5bd2	M5_D18	f0933b51-8342-5217-afd3-08daed5cdb2d
9d420199-20b5-4a87-8f04-dc5813eee23c	M5_D18	f0933b51-8342-5217-afd3-08daed5cdb2d
9c6ef1b3-9aba-414d-afbd-b812409af26d	M5_D18	f0933b51-8342-5217-afd3-08daed5cdb2d
a0469635-f1e0-4767-a6b9-01ce6d642f2d	M5_D18	f0933b51-8342-5217-afd3-08daed5cdb2d
25c0d84d-d5d2-5076-96d6-7c04eafb9cb9	M5_D18	f0933b51-8342-5217-afd3-08daed5cdb2d
3bebacc8-7505-4840-b6e9-e48c1ed39955	M5_D18	f0933b51-8342-5217-afd3-08daed5cdb2d
ec18f3b7-4c3b-4c8f-b1a5-c3aeb0a404ac	M5_D18	f0933b51-8342-5217-afd3-08daed5cdb2d
e5f521bf-6c5a-452b-b04a-77838ffbf7c4	M5_D18	f0933b51-8342-5217-afd3-08daed5cdb2d
d72da2f1-c170-5181-95f1-3080659614e0	M5_D18	f0933b51-8342-5217-afd3-08daed5cdb2d
a7c306b2-bfb9-4773-b9f2-a79745db85f5	M5_D18	f0933b51-8342-5217-afd3-08daed5cdb2d
8ed1aab6-e136-4e9b-90a8-7e963f519361	M5_D18	f0933b51-8342-5217-afd3-08daed5cdb2d
1fe75add-141e-4b22-bcf9-8fd54c096d27	M1_D15	1fe75add-141e-4b22-bcf9-8fd54c096d27
dbf8c1f7-3cfa-458a-a6e5-60e5afa779f6	M1_D15	dbf8c1f7-3cfa-458a-a6e5-60e5afa779f6
dec4c4aa-0627-4541-ad03-283c29a74392	M2_D13	dec4c4aa-0627-4541-ad03-283c29a74392
2c82842a-1f12-494e-b9f7-53be028e7823	M3_D15	2c82842a-1f12-494e-b9f7-53be028e7823
5668de7d-f47f-456e-ba52-40c94a188f3c	M3_D15	5668de7d-f47f-456e-ba52-40c94a188f3c
ebf3388d-a61c-4dc5-8980-50dddb84dd69	M5_D15	ebf3388d-a61c-4dc5-8980-50dddb84dd69
84731ed6-d24a-4c5c-ae4a-ddac3e99f2cf	M1_D15	84731ed6-d24a-4c5c-ae4a-ddac3e99f2cf
f41f4faf-0240-4978-85dd-54d31dcca6e4	M1_D15	8ce30a32-c28f-412d-ba11-a899206e0b15
c2691a7d-d13b-402d-b6d4-d65d62cfb922	M1_D15	8ce30a32-c28f-412d-ba11-a899206e0b15
dfeafef7-ab7c-4f6d-8156-7ddfe41683a0	M1_D15	8ce30a32-c28f-412d-ba11-a899206e0b15
77f98753-0789-424c-954d-e65fdc9551f8	M1_D15	8ce30a32-c28f-412d-ba11-a899206e0b15
cf9da0df-66cf-40c5-b09a-2b5ce36835f1	M1_D15	8ce30a32-c28f-412d-ba11-a899206e0b15
4e36f8f9-a9b6-4212-bd35-ec7bb89a898d	M1_D15	8ce30a32-c28f-412d-ba11-a899206e0b15
706a172f-9268-4fa2-b81e-b7aac0ad017c	M1_D15	8ce30a32-c28f-412d-ba11-a899206e0b15
5dae1165-4228-4fc6-83e2-2c9d76719805	M1_D15	8ce30a32-c28f-412d-ba11-a899206e0b15
8ce30a32-c28f-412d-ba11-a899206e0b15	M1_D15	8ce30a32-c28f-412d-ba11-a899206e0b15
9cdd37d7-9469-4e3c-89e0-d0c5b481518b	M1_D15	8ce30a32-c28f-412d-ba11-a899206e0b15
26382e89-be60-484d-acbd-312ce2284ce3	M4_D6	26382e89-be60-484d-acbd-312ce2284ce3
486804ca-aaaa-4a04-946d-113ad572ee27	M5_D15	486804ca-aaaa-4a04-946d-113ad572ee27
abbd5332-3aa0-4e59-868b-260c6163fc30	M5_D15	abbd5332-3aa0-4e59-868b-260c6163fc30
df3a2ece-d64a-497e-a17a-c2fab0157ae1	M5_D15	df3a2ece-d64a-497e-a17a-c2fab0157ae1
ea20463f-7478-43c7-b764-d3f3da297434	M5_D15	ea20463f-7478-43c7-b764-d3f3da297434
396ed0a0-0010-4717-83ea-4023d1d42509	M5_D15	ea20463f-7478-43c7-b764-d3f3da297434
8e0555a5-fc72-4ca2-afb3-162cef6af60e	M5_D15	ea20463f-7478-43c7-b764-d3f3da297434
964d4ef3-6556-4f1f-8276-bfe7057e98fd	M5_D18	ea20463f-7478-43c7-b764-d3f3da297434
73982684-f66c-47cb-86cc-4a4a5e71edc9	M1_D15	73982684-f66c-47cb-86cc-4a4a5e71edc9
dfa35c2e-2b93-405d-92f8-c36904a5d959	M1_D15	dfa35c2e-2b93-405d-92f8-c36904a5d959
71eb1511-d520-4457-b3d5-e3e3e46edd2a	M1_D15	0bd8feae-95c5-4e01-a79f-006661898ae8
0bd8feae-95c5-4e01-a79f-006661898ae8	M1_D15	0bd8feae-95c5-4e01-a79f-006661898ae8
207b6370-4565-4416-8097-e8089157bcb6	M1_D15	52db9927-6b15-4a84-9571-6b405a26799e
cc78117a-98a9-4963-a1d9-0ac98f789c38	M1_D15	52db9927-6b15-4a84-9571-6b405a26799e
eef3cc40-04a3-46e5-9c5b-f4040415700b	M1_D15	52db9927-6b15-4a84-9571-6b405a26799e
b3989d6a-c537-5554-b1ed-c87ffc8bf125	M1_D15	52db9927-6b15-4a84-9571-6b405a26799e
52db9927-6b15-4a84-9571-6b405a26799e	M1_D15	52db9927-6b15-4a84-9571-6b405a26799e
e866feff-9800-4099-8807-bbaa4b897ba4	M1_D15	52db9927-6b15-4a84-9571-6b405a26799e
6af1f351-18a6-42c9-9772-3776451c07f6	M2_D13	52db9927-6b15-4a84-9571-6b405a26799e
9edacd0c-61ae-4f2e-8c78-c717fb526fd8	M2_D13	52db9927-6b15-4a84-9571-6b405a26799e
d04a0428-6db7-4e0b-84d5-1cf8a2088107	M2_D13	52db9927-6b15-4a84-9571-6b405a26799e
80cc50a6-c1a6-437c-b5ba-aa82a27460ae	M2_D13	52db9927-6b15-4a84-9571-6b405a26799e
1a0d517a-254a-4d06-85c5-a90ef16388c1	M3_D15	52db9927-6b15-4a84-9571-6b405a26799e
510c2c13-6f91-4d5a-badd-e3e2d0558638	M5_D18	52db9927-6b15-4a84-9571-6b405a26799e
abf5d268-c368-43bd-ae46-4b4bed21691e	M5_D18	52db9927-6b15-4a84-9571-6b405a26799e
26b2762c-62ea-4965-b2b8-a60a56b477c2	M5_D18	52db9927-6b15-4a84-9571-6b405a26799e
23dcae97-c5bf-4753-a41f-e9c6e16e4c7b	M5_D18	52db9927-6b15-4a84-9571-6b405a26799e
d92da0fe-36e0-473a-bd4b-126c7954dfdd	M5_D18	52db9927-6b15-4a84-9571-6b405a26799e
33716537-7afe-47cf-b80e-1640363659db	M5_D18	52db9927-6b15-4a84-9571-6b405a26799e
78e27336-0121-440f-b564-e2d0efcc8fa9	M5_D18	52db9927-6b15-4a84-9571-6b405a26799e
4257884b-7305-4b35-8b35-f1486a586ab7	M5_D18	52db9927-6b15-4a84-9571-6b405a26799e
4a175f29-2beb-48d1-9b43-27367e9414c1	M5_D18	52db9927-6b15-4a84-9571-6b405a26799e
43b31cdc-940f-4287-a754-dc955ea8c90e	M5_D18	52db9927-6b15-4a84-9571-6b405a26799e
516a9177-bb44-4706-a84d-7c0eccdc5969	M5_D18	52db9927-6b15-4a84-9571-6b405a26799e
527683a3-4e03-4592-a86e-1a1800f4608e	M5_D15	527683a3-4e03-4592-a86e-1a1800f4608e
08d658ab-538b-465a-afcc-b84060e707a5	M1_D15	c077ec6a-b2cc-47e8-ad15-22f69be6fd80
13b15fe0-25a9-487c-93fc-a4c849c7e15d	M1_D15	c077ec6a-b2cc-47e8-ad15-22f69be6fd80
67d6a56b-c814-4308-8f8e-23620f36810b	M1_D15	c077ec6a-b2cc-47e8-ad15-22f69be6fd80
8fbe34e4-b32c-44dd-a469-211599d55704	M1_D15	c077ec6a-b2cc-47e8-ad15-22f69be6fd80
1f668041-a560-46d4-8433-4d03fa2252f0	M5_D15	c077ec6a-b2cc-47e8-ad15-22f69be6fd80
5255defb-96c3-45e2-b5de-9975300ef27e	M5_D15	c077ec6a-b2cc-47e8-ad15-22f69be6fd80
f7fa3109-1790-4e2a-b08e-8b82f03823e3	M5_D15	c077ec6a-b2cc-47e8-ad15-22f69be6fd80
8ab668c3-296e-4720-95d0-0c65b9ee5235	M5_D15	c077ec6a-b2cc-47e8-ad15-22f69be6fd80
d26754ac-301d-4624-89fe-524980ce15f8	M5_D15	c077ec6a-b2cc-47e8-ad15-22f69be6fd80
c077ec6a-b2cc-47e8-ad15-22f69be6fd80	M5_D15	c077ec6a-b2cc-47e8-ad15-22f69be6fd80
d1a4678c-9f92-4d9d-ac3c-939715fcaaf2	M5_D15	c077ec6a-b2cc-47e8-ad15-22f69be6fd80
2d66f62d-8265-48c7-bdda-92643fce052f	M5_D18	c077ec6a-b2cc-47e8-ad15-22f69be6fd80
f1fb1e7d-093f-43c1-b4aa-b9cadfd8148c	M5_D18	c077ec6a-b2cc-47e8-ad15-22f69be6fd80
184c257a-6531-46a7-b97a-f5ad6c9c0ccd	M5_D18	c077ec6a-b2cc-47e8-ad15-22f69be6fd80
cb0eafd7-091c-4511-b262-d9ffa8562d3a	M5_D18	c077ec6a-b2cc-47e8-ad15-22f69be6fd80
fbf3b0b7-aba0-4132-8316-ae03fbf96e98	M5_D18	c077ec6a-b2cc-47e8-ad15-22f69be6fd80
fe99bc0f-c569-4b3f-b23a-36d3d00312e3	M5_D18	c077ec6a-b2cc-47e8-ad15-22f69be6fd80
42c5732c-a1f2-464c-adf9-b91170e180b9	M5_D18	c077ec6a-b2cc-47e8-ad15-22f69be6fd80
773688a8-fa3b-40cb-bc6b-ccd7e1ed8b67	M5_D18	c077ec6a-b2cc-47e8-ad15-22f69be6fd80
fa90692b-602a-4a33-81c7-87ffc07d085f	M5_D18	c077ec6a-b2cc-47e8-ad15-22f69be6fd80
d250dab8-f77c-403e-a95a-7a7a570a6609	M5_D18	c077ec6a-b2cc-47e8-ad15-22f69be6fd80
d3884512-5409-448a-be9c-43ee8f855e3f	M5_D18	c077ec6a-b2cc-47e8-ad15-22f69be6fd80
5fcd6eee-1f6a-4e8d-b522-f1340a5e3953	M5_D18	c077ec6a-b2cc-47e8-ad15-22f69be6fd80
cb2baafe-9420-4a8f-be58-a61827750094	M5_D18	c077ec6a-b2cc-47e8-ad15-22f69be6fd80
9c9e1871-6d05-4173-93b9-91f4f9a08aa6	M5_D18	c077ec6a-b2cc-47e8-ad15-22f69be6fd80
9103d33c-d562-4754-a4c3-2a6276d8a6cb	M5_D18	c077ec6a-b2cc-47e8-ad15-22f69be6fd80
179530ef-e697-4037-9b27-a211607ba576	M5_D18	c077ec6a-b2cc-47e8-ad15-22f69be6fd80
bb828a1f-1998-42ac-8b5f-f4177ddadbe8	M5_D18	bb828a1f-1998-42ac-8b5f-f4177ddadbe8
4aadbaf3-3414-4338-a021-de78fe888586	M1_D15	c80e1b20-5ec2-5618-9dee-f882054d40ec
c80e1b20-5ec2-5618-9dee-f882054d40ec	M1_D15	c80e1b20-5ec2-5618-9dee-f882054d40ec
a9cdbd53-721a-4608-8b11-e2b18e1e4f66	M5_D15	a9cdbd53-721a-4608-8b11-e2b18e1e4f66
7c8a889d-db1c-422a-8439-87d44cdd5d62	M1_D15	7c8a889d-db1c-422a-8439-87d44cdd5d62
297b9fdf-519a-5478-872a-3a7e9eb52f63	M2_D13	297b9fdf-519a-5478-872a-3a7e9eb52f63
d217b7a4-405c-454a-a48e-649b8f9357aa	M5_D15	d217b7a4-405c-454a-a48e-649b8f9357aa
14d838d1-08cc-451d-ac6e-bcff77258105	M5_D15	14d838d1-08cc-451d-ac6e-bcff77258105
d5ba3fd9-995a-42fe-b3d5-f9f2280a81af	M5_D18	14d838d1-08cc-451d-ac6e-bcff77258105
e3cd611e-57ca-4933-aae4-2771850c0487	M1_D15	c38f4525-52b7-45a9-bbbf-bd5e0d0970c8
2af04c50-5ee1-42fe-bc0b-3795dae6b02b	M1_D15	c38f4525-52b7-45a9-bbbf-bd5e0d0970c8
70bd1e2e-d291-455c-81ac-ab285a3b3cf7	M1_D15	c38f4525-52b7-45a9-bbbf-bd5e0d0970c8
c621ef5d-a92a-4941-a65a-a4a9b5fbd830	M1_D6	c38f4525-52b7-45a9-bbbf-bd5e0d0970c8
39803fb8-2f0c-4fc9-9e6c-5e5935af5a7f	M4_D6	c38f4525-52b7-45a9-bbbf-bd5e0d0970c8
8ac3c6be-6eee-4d0b-94a6-0493d4a43652	M5_D15	c38f4525-52b7-45a9-bbbf-bd5e0d0970c8
98147881-e0ce-49ca-9f2f-b6fd32db2d74	M5_D15	c38f4525-52b7-45a9-bbbf-bd5e0d0970c8
ece85527-c478-4364-9bc3-f06898551acf	M5_D15	c38f4525-52b7-45a9-bbbf-bd5e0d0970c8
b08349d8-eb2b-4294-96ad-701397cabec3	M5_D15	c38f4525-52b7-45a9-bbbf-bd5e0d0970c8
63a2ab60-f590-4a83-97a2-c25bdfb99d10	M5_D15	c38f4525-52b7-45a9-bbbf-bd5e0d0970c8
c38f4525-52b7-45a9-bbbf-bd5e0d0970c8	M5_D15	c38f4525-52b7-45a9-bbbf-bd5e0d0970c8
0f923fcf-abed-4a6c-9df9-d1f27daf3257	M5_D15	c38f4525-52b7-45a9-bbbf-bd5e0d0970c8
59644703-e4c7-41c2-9807-5d466445ca3f	M5_D18	c38f4525-52b7-45a9-bbbf-bd5e0d0970c8
c214547f-48b5-4250-b2d7-2f0de0b56316	M5_D18	c38f4525-52b7-45a9-bbbf-bd5e0d0970c8
6bb8e010-af57-4147-9349-702bc3392120	M5_D18	c38f4525-52b7-45a9-bbbf-bd5e0d0970c8
9b84699a-dfa1-479f-8325-a51d3ddd4849	M5_D18	c38f4525-52b7-45a9-bbbf-bd5e0d0970c8
485cfd43-b2cc-4035-8736-40b9fe26137c	M5_D18	c38f4525-52b7-45a9-bbbf-bd5e0d0970c8
0a00ad95-724a-4f16-a499-23d7d0017a8a	M5_D18	c38f4525-52b7-45a9-bbbf-bd5e0d0970c8
10d840b6-e516-40ff-9dac-097823c70e2b	M5_D18	c38f4525-52b7-45a9-bbbf-bd5e0d0970c8
c308b246-923c-4293-83fa-116177b95573	M5_D18	c38f4525-52b7-45a9-bbbf-bd5e0d0970c8
3d6379af-c2d5-5d0a-a68a-755ecc7035a5	M5_D18	c38f4525-52b7-45a9-bbbf-bd5e0d0970c8
4f180a95-dfe9-443a-a574-72b7ed43a519	M5_D18	c38f4525-52b7-45a9-bbbf-bd5e0d0970c8
c6898504-74e5-494f-96ca-0984e7ab28fd	M5_D18	c38f4525-52b7-45a9-bbbf-bd5e0d0970c8
b6eaa3cf-c5af-42d1-8276-b542065bc368	M5_D18	c38f4525-52b7-45a9-bbbf-bd5e0d0970c8
c3c626ed-ca88-42c8-b1d8-27f25bbe298a	M5_D18	c38f4525-52b7-45a9-bbbf-bd5e0d0970c8
44250243-ca82-4567-b450-5de62e88c3bd	M5_D18	c38f4525-52b7-45a9-bbbf-bd5e0d0970c8
bb125eb9-6efd-5b09-84d3-f8e5be726b64	M5_D18	c38f4525-52b7-45a9-bbbf-bd5e0d0970c8
87da33cd-55d9-48f4-905b-487a5c771872	M5_D18	c38f4525-52b7-45a9-bbbf-bd5e0d0970c8
da88244b-4793-4fcc-b498-c9f676a6166b	M5_D18	c38f4525-52b7-45a9-bbbf-bd5e0d0970c8
d5d59652-06eb-4290-8ab5-d3fae2fa608e	M5_D18	c38f4525-52b7-45a9-bbbf-bd5e0d0970c8
e8fb3416-10ba-44e3-81af-be41205efd0c	M5_D18	c38f4525-52b7-45a9-bbbf-bd5e0d0970c8
397e51ae-2f93-4b2a-aca1-1ce0697492f0	M5_D18	c38f4525-52b7-45a9-bbbf-bd5e0d0970c8
3a8dacdd-3009-4e5e-8b36-f724f15add07	M5_D18	3a8dacdd-3009-4e5e-8b36-f724f15add07
114a5f75-b168-5240-b605-aa802ecdaeaf	M1_D15	114a5f75-b168-5240-b605-aa802ecdaeaf
fa841e03-de38-49c1-8a4a-26e6c50b0db3	M1_D15	fa841e03-de38-49c1-8a4a-26e6c50b0db3
b7610f8c-189c-4af9-9ba7-483bff383404	M1_D15	b7610f8c-189c-4af9-9ba7-483bff383404
72463246-a6c7-4b4f-874b-8ee4192f5c75	M1_D15	b7610f8c-189c-4af9-9ba7-483bff383404
db6be7d9-7f7f-4284-a852-30d87eadae5f	M1_D15	db6be7d9-7f7f-4284-a852-30d87eadae5f
1c0b5d46-ee36-4c85-b98a-b14b56b08610	M1_D15	ae5c6768-c22c-402f-b761-6d21f39e5f25
13e5bfab-f3b8-482d-a4a8-c023a7db1df1	M1_D15	ae5c6768-c22c-402f-b761-6d21f39e5f25
76e57e88-cc9c-4554-a197-c11cde24e086	M1_D15	ae5c6768-c22c-402f-b761-6d21f39e5f25
ae5c6768-c22c-402f-b761-6d21f39e5f25	M1_D15	ae5c6768-c22c-402f-b761-6d21f39e5f25
0bb5a112-a730-4865-b7e8-c9ac463fc165	M1_D15	ae5c6768-c22c-402f-b761-6d21f39e5f25
327be49f-9798-4885-9e96-872547187bad	M1_D15	327be49f-9798-4885-9e96-872547187bad
53feb358-f61b-48e8-b392-3c6d10ce9731	M1_D6	53feb358-f61b-48e8-b392-3c6d10ce9731
176cb88b-41f6-4b73-8d9e-a84dc77d93f1	M5_D15	176cb88b-41f6-4b73-8d9e-a84dc77d93f1
a20162c7-fec7-4977-a766-41dde9e23b70	M5_D15	a20162c7-fec7-4977-a766-41dde9e23b70
8aec5eb7-ae19-452e-8cfb-a1bc6ffbed76	M5_D18	8aec5eb7-ae19-452e-8cfb-a1bc6ffbed76
dda76671-8ed1-4b5b-b0af-1466d9fd0da1	M5_D18	8aec5eb7-ae19-452e-8cfb-a1bc6ffbed76
d0c30024-604c-43cb-b2a2-445fd3e16488	M5_D18	8aec5eb7-ae19-452e-8cfb-a1bc6ffbed76
37e16acb-1433-4dc3-b068-47920055e295	M1_D15	37e16acb-1433-4dc3-b068-47920055e295
44fe1956-40d7-438a-964e-f595b69db655	M1_D15	37e16acb-1433-4dc3-b068-47920055e295
bb2413de-de65-4df8-a717-8e551ae4d997	M1_D15	37e16acb-1433-4dc3-b068-47920055e295
06170a4d-9425-4a2c-8ab9-35ea101dbcb2	M2_D13	37e16acb-1433-4dc3-b068-47920055e295
b01a179b-8d69-49f6-9956-5b16b598cd8a	M3_D15	37e16acb-1433-4dc3-b068-47920055e295
1de29492-fe70-4aab-8867-8ebf7cb38569	M1_D15	1de29492-fe70-4aab-8867-8ebf7cb38569
99b14ce8-5527-4496-8356-1e2312006ee6	M5_D18	1de29492-fe70-4aab-8867-8ebf7cb38569
4cffb806-54bd-4b84-be09-256c693cdb52	M5_D18	1de29492-fe70-4aab-8867-8ebf7cb38569
552b1421-2a21-4e1e-b8ae-db3745d08d50	M1_D15	552b1421-2a21-4e1e-b8ae-db3745d08d50
5b58bf8f-4b4b-4a58-97a0-a7cc7d1fa734	M1_D15	5b58bf8f-4b4b-4a58-97a0-a7cc7d1fa734
a06cf525-0641-46c1-a9ea-f4e31917cda9	M2_D13	a06cf525-0641-46c1-a9ea-f4e31917cda9
be8d3e08-c926-4a24-a963-22ceb5f807c4	M3_D15	be8d3e08-c926-4a24-a963-22ceb5f807c4
c9b4c9f8-bc0a-4718-a6f1-152e9ad09aeb	M5_D15	6350193c-8b7b-4df3-bc27-5e95ff84192e
6350193c-8b7b-4df3-bc27-5e95ff84192e	M5_D15	6350193c-8b7b-4df3-bc27-5e95ff84192e
a9c23372-74da-40cd-b685-0fd61e51c45b	M5_D15	a9c23372-74da-40cd-b685-0fd61e51c45b
a1be7055-fff2-4c57-aecd-847fb406cd70	M5_D18	19e1073a-a2bb-4804-83cc-c0e2b84212c1
19e1073a-a2bb-4804-83cc-c0e2b84212c1	M5_D18	19e1073a-a2bb-4804-83cc-c0e2b84212c1
36a103d1-a721-4457-8236-1701248ae60e	M5_D18	e17e7340-f62e-5490-9244-79a3870b33fb
5e5ced8e-60e6-47e0-a698-95d899b08cea	M5_D18	e17e7340-f62e-5490-9244-79a3870b33fb
c95ab0ce-f4e2-5a5d-8ab8-7d4fda19df86	M5_D18	e17e7340-f62e-5490-9244-79a3870b33fb
259a8553-a1c4-406a-a66c-c65d69daed1f	M5_D18	e17e7340-f62e-5490-9244-79a3870b33fb
e17e7340-f62e-5490-9244-79a3870b33fb	M5_D18	e17e7340-f62e-5490-9244-79a3870b33fb
4427f906-fdff-4227-ad25-2b983655ccc0	M5_D18	e17e7340-f62e-5490-9244-79a3870b33fb
fffb9d3f-091c-415f-8c29-9ac386958540	M1_D15	fffb9d3f-091c-415f-8c29-9ac386958540
9f5d8705-7ad4-48c7-9b11-d34c8da54402	M1_D15	fffb9d3f-091c-415f-8c29-9ac386958540
241cb51b-a3be-4e9b-a63d-855513db8a1b	M1_D15	241cb51b-a3be-4e9b-a63d-855513db8a1b
05d099ce-f03a-47e1-811a-c9572406549b	M1_D15	05d099ce-f03a-47e1-811a-c9572406549b
86f0280a-d711-4f7b-9608-3de1971061f7	M1_D15	86f0280a-d711-4f7b-9608-3de1971061f7
edfe0375-20e6-400c-a7bb-2d7f4818e9f1	M5_D18	86f0280a-d711-4f7b-9608-3de1971061f7
101c9a71-8e35-4e77-ba08-9de16940cfdf	M5_D18	86f0280a-d711-4f7b-9608-3de1971061f7
1e8bfc8a-aede-5e7b-ba52-c2fbaad2f363	M5_D18	86f0280a-d711-4f7b-9608-3de1971061f7
603589da-6543-4102-ae45-e8830393c681	M1_D15	603589da-6543-4102-ae45-e8830393c681
25c62871-d7c3-444f-a1a2-4e4e7a4c1538	M1_D15	603589da-6543-4102-ae45-e8830393c681
b59317cf-d96c-4da7-ae7b-f224dde8b951	M1_D15	b59317cf-d96c-4da7-ae7b-f224dde8b951
9f8b5b6c-7441-4f9d-b71c-c4cf9e7be551	M1_D15	9f8b5b6c-7441-4f9d-b71c-c4cf9e7be551
e9c1ede5-04ec-4f26-8e78-c1fc1fa2d718	M1_D15	e9c1ede5-04ec-4f26-8e78-c1fc1fa2d718
120cfba8-5c46-558d-96a0-eb2450473f5f	M5_D15	120cfba8-5c46-558d-96a0-eb2450473f5f
ba9a7cf9-6614-43a1-a155-c80478d91364	M5_D15	ba9a7cf9-6614-43a1-a155-c80478d91364
36c32021-762d-4155-b13f-c17855b15fb2	M5_D15	36c32021-762d-4155-b13f-c17855b15fb2
17a34a64-8699-4432-a7da-c707a2424b3f	M5_D18	616d9fc5-485b-47ae-925d-cf56650b95a6
c7c35a52-853d-4c0a-a577-cbb69489b628	M5_D18	616d9fc5-485b-47ae-925d-cf56650b95a6
7e953b72-525f-4fe9-a67b-c59eebc8b5e1	M5_D18	616d9fc5-485b-47ae-925d-cf56650b95a6
591096aa-e3e4-4af8-bdaf-223c2c9085bf	M5_D18	616d9fc5-485b-47ae-925d-cf56650b95a6
4b95edc4-ac3d-487d-9be0-6a551a41de25	M5_D18	616d9fc5-485b-47ae-925d-cf56650b95a6
189f8703-ba22-413b-8455-a5b508bd2de4	M5_D18	616d9fc5-485b-47ae-925d-cf56650b95a6
9865ffcc-8563-4272-bfc4-84f15bc92f63	M5_D18	616d9fc5-485b-47ae-925d-cf56650b95a6
b82ef475-2223-4182-b0b1-7abadb4e5479	M5_D18	616d9fc5-485b-47ae-925d-cf56650b95a6
007244c9-035b-403c-85f5-5eb7f1052eb0	M5_D18	616d9fc5-485b-47ae-925d-cf56650b95a6
e6e2de84-ea0f-46fc-9f66-87a16cd471ca	M5_D18	616d9fc5-485b-47ae-925d-cf56650b95a6
91f5ac13-aa69-41df-9d93-89f2f1cdd0b2	M5_D18	616d9fc5-485b-47ae-925d-cf56650b95a6
c5cb7459-0a1e-4ee0-bb7f-5f4612d66418	M5_D18	616d9fc5-485b-47ae-925d-cf56650b95a6
e58865bf-357f-4090-9197-994ae03f8686	M5_D18	616d9fc5-485b-47ae-925d-cf56650b95a6
7eb8076a-9807-48da-a3f4-5957e111ddea	M5_D18	616d9fc5-485b-47ae-925d-cf56650b95a6
d64c1254-2cf6-4e84-ac50-4eedf7fffa66	M5_D18	616d9fc5-485b-47ae-925d-cf56650b95a6
616d9fc5-485b-47ae-925d-cf56650b95a6	M5_D18	616d9fc5-485b-47ae-925d-cf56650b95a6
50f3ded0-463d-4e7d-ad17-516668062a9c	M5_D18	616d9fc5-485b-47ae-925d-cf56650b95a6
ee637c59-b303-4eff-9547-998d6d953d16	M5_D18	616d9fc5-485b-47ae-925d-cf56650b95a6
42ae4275-eb6b-4d45-8354-0c121db204ba	M5_D18	616d9fc5-485b-47ae-925d-cf56650b95a6
79afa811-5b76-4dd3-8bb5-bdb8035e1609	M1_D15	79afa811-5b76-4dd3-8bb5-bdb8035e1609
d8097fe5-0ecc-4f16-9b00-5fafabd421bd	M1_D15	d8097fe5-0ecc-4f16-9b00-5fafabd421bd
2eb70b52-b2d1-4396-8bee-bc5c833d0f73	M1_D15	d8097fe5-0ecc-4f16-9b00-5fafabd421bd
4530d478-80dd-4430-b71a-79b2cc5ed642	M1_D15	4530d478-80dd-4430-b71a-79b2cc5ed642
30a88ab9-194d-4b52-bd61-ca801acadd83	M1_D15	4530d478-80dd-4430-b71a-79b2cc5ed642
307dc47a-1c4c-44d1-ab0e-2732dccf4a88	M1_D15	307dc47a-1c4c-44d1-ab0e-2732dccf4a88
81a78d66-8fe4-4cc6-b323-1720d94ab610	M1_D15	81a78d66-8fe4-4cc6-b323-1720d94ab610
7cf4202a-2dc5-4002-b7e7-6520a3d7131b	M1_D15	7cf4202a-2dc5-4002-b7e7-6520a3d7131b
48b1f511-5872-5a19-a014-bb7775b03df6	M1_D15	48b1f511-5872-5a19-a014-bb7775b03df6
f143a356-f719-449a-b7e4-19345d754719	M5_D15	f143a356-f719-449a-b7e4-19345d754719
109f15a3-d291-4016-af49-782dd808ab53	M5_D15	109f15a3-d291-4016-af49-782dd808ab53
8ac890d3-d0e1-4ce5-afd8-ba5abe352b08	M5_D18	8ac890d3-d0e1-4ce5-afd8-ba5abe352b08
af312c46-c5d1-4405-a01c-923e6a222df4	M5_D18	af312c46-c5d1-4405-a01c-923e6a222df4
5e0d4711-4aec-43e1-a003-9a0b2015f8d2	M1_D15	5e0d4711-4aec-43e1-a003-9a0b2015f8d2
d120d40f-8cce-4365-b5a7-32c580d4bcf2	M3_D6	d120d40f-8cce-4365-b5a7-32c580d4bcf2
b4a5c75b-1133-4403-8102-820ef38298de	M4_D6	b4a5c75b-1133-4403-8102-820ef38298de
a0b75756-22ab-44a2-bcbd-94f6ebe18eba	M5_D15	a0b75756-22ab-44a2-bcbd-94f6ebe18eba
57aada90-5b22-417e-a0a7-4a4ad3a3be91	M5_D18	a0b75756-22ab-44a2-bcbd-94f6ebe18eba
dd239581-4a7f-4bbd-98a3-1b73325d64dd	M5_D15	dd239581-4a7f-4bbd-98a3-1b73325d64dd
501827b0-6af3-48b5-a90f-72ac7d2d0a42	M5_D15	501827b0-6af3-48b5-a90f-72ac7d2d0a42
ec705597-df0a-42a6-a89b-45bbfabd2de1	M1_D15	ec705597-df0a-42a6-a89b-45bbfabd2de1
4d2e07fa-7dbd-49d4-b737-54ada287ef7e	M1_D15	4d2e07fa-7dbd-49d4-b737-54ada287ef7e
a5745d89-33e1-427e-8a42-cc824c1bed25	M1_D15	a5745d89-33e1-427e-8a42-cc824c1bed25
bd64879a-7b36-48c9-9409-369e8e18eeb8	M1_D15	3447e197-da26-45b9-87ab-bbec386ee4f8
3447e197-da26-45b9-87ab-bbec386ee4f8	M1_D15	3447e197-da26-45b9-87ab-bbec386ee4f8
fc01bb4c-026a-4019-a1ba-18fb67de674b	M1_D15	3447e197-da26-45b9-87ab-bbec386ee4f8
852ed502-0706-4747-8e66-ca2ff644948c	M1_D15	3447e197-da26-45b9-87ab-bbec386ee4f8
e607dcc2-c4ac-4588-8248-5b15faae40b9	M5_D18	3447e197-da26-45b9-87ab-bbec386ee4f8
9eca0b06-0d17-46be-ad54-bb989fe64943	M5_D18	3447e197-da26-45b9-87ab-bbec386ee4f8
6ef586be-0257-4592-aabf-933bea0d517b	M1_D15	6ef586be-0257-4592-aabf-933bea0d517b
f1c6e986-5cd8-4052-95b8-72498d7827b7	M1_D6	f1c6e986-5cd8-4052-95b8-72498d7827b7
cf5d24c4-e3ed-46a3-a58d-6f472f26de8a	M5_D18	f1c6e986-5cd8-4052-95b8-72498d7827b7
befbc3d4-4f5d-5e75-996c-617f32ce90ca	M5_D18	f1c6e986-5cd8-4052-95b8-72498d7827b7
17b63cd4-2f97-422a-af29-0265c89a6478	M2_D13	17b63cd4-2f97-422a-af29-0265c89a6478
f2267e74-06fa-51dc-bebc-fe4d4f5a8b1c	M2_D13	17b63cd4-2f97-422a-af29-0265c89a6478
15bc129a-8cd7-443a-83ff-a24fede5bb40	M2_D13	17b63cd4-2f97-422a-af29-0265c89a6478
abb4dcb6-bcdf-4187-b21f-d64b2790df38	M5_D15	abb4dcb6-bcdf-4187-b21f-d64b2790df38
ab73403b-54af-41ad-b6dc-536af6af3805	M5_D15	ab73403b-54af-41ad-b6dc-536af6af3805
624209aa-359a-4b5d-a175-76022b9cac6e	M5_D15	624209aa-359a-4b5d-a175-76022b9cac6e
9309d36d-81dd-4d70-9952-524a8fae3e1a	M5_D18	9309d36d-81dd-4d70-9952-524a8fae3e1a
1385d72a-e225-4eec-8310-6592700b3e2a	M1_D15	1385d72a-e225-4eec-8310-6592700b3e2a
7ea95a84-b5d2-4e09-b74c-a3a0652a1cc6	M1_D15	7ea95a84-b5d2-4e09-b74c-a3a0652a1cc6
ba8e2a73-d885-40f0-9017-ae6f18d35567	M1_D15	ba8e2a73-d885-40f0-9017-ae6f18d35567
0d55d766-8891-48b8-8d63-4720d38a4157	M1_D15	0d55d766-8891-48b8-8d63-4720d38a4157
53283fa2-7892-4b4a-ad19-e4e339d3c06e	M1_D15	53283fa2-7892-4b4a-ad19-e4e339d3c06e
840628e8-5acf-4669-a9e0-cc4f31e47768	M1_D15	840628e8-5acf-4669-a9e0-cc4f31e47768
3658d038-78fc-4b95-a3f7-1a286e0c2d9b	M2_D13	3658d038-78fc-4b95-a3f7-1a286e0c2d9b
0f77ea03-1467-45fb-afa8-e9bf778dfcd1	M2_D13	0f77ea03-1467-45fb-afa8-e9bf778dfcd1
63c64c5a-274c-4895-a667-62ed95213f22	M2_D13	63c64c5a-274c-4895-a667-62ed95213f22
99dcb7bd-c722-4207-97aa-2d62f0eac7bb	M5_D18	63c64c5a-274c-4895-a667-62ed95213f22
11557327-152f-409e-bed0-5f366e6b4299	M3_D15	11557327-152f-409e-bed0-5f366e6b4299
61158f94-a867-49d5-a94c-cde7133133a2	M5_D15	61158f94-a867-49d5-a94c-cde7133133a2
a09bdbf8-1bd2-58c1-b03b-c315452a05df	M5_D15	a09bdbf8-1bd2-58c1-b03b-c315452a05df
63b845c1-b568-46a1-bab1-7fb2a3a11ac0	M5_D15	63b845c1-b568-46a1-bab1-7fb2a3a11ac0
c63b9249-6df3-51be-ae9b-28ba512d820c	M5_D15	63b845c1-b568-46a1-bab1-7fb2a3a11ac0
5b32ad6f-861c-4abb-b4dc-e2e195712221	M5_D15	5b32ad6f-861c-4abb-b4dc-e2e195712221
28bc650f-c243-453e-a5d3-fc397b2a696c	M5_D15	2acf969f-4f12-4ad7-90c7-0029d5d9c0b8
2acf969f-4f12-4ad7-90c7-0029d5d9c0b8	M5_D15	2acf969f-4f12-4ad7-90c7-0029d5d9c0b8
0b2953d5-cf61-4801-87d1-2b9a9e1af9ea	M5_D15	0b2953d5-cf61-4801-87d1-2b9a9e1af9ea
9521bbde-0118-53ee-bce6-f9305e751b1b	M5_D15	9521bbde-0118-53ee-bce6-f9305e751b1b
aea9e2ab-a6c8-4ce6-8921-39c5ed4a0790	M5_D15	aea9e2ab-a6c8-4ce6-8921-39c5ed4a0790
794701d0-f890-452f-8484-6a32b284fdd3	M5_D18	794701d0-f890-452f-8484-6a32b284fdd3
31867e58-bf2c-4707-a480-4a9b94f2ece1	M5_D18	31867e58-bf2c-4707-a480-4a9b94f2ece1
187fad69-669b-4c7e-943b-f3815d0b162b	M1_D15	187fad69-669b-4c7e-943b-f3815d0b162b
0edf2a45-39b6-48b0-a478-64052f0da306	M1_D15	0edf2a45-39b6-48b0-a478-64052f0da306
ebb41b30-8aa3-4a4b-afad-f6461c285b6e	M2_D13	ebb41b30-8aa3-4a4b-afad-f6461c285b6e
e125594e-2917-4ef2-b859-18d922f63925	M2_D13	e125594e-2917-4ef2-b859-18d922f63925
7e771b2b-d48b-4044-9936-cf5b1867c6a0	M3_D6	7e771b2b-d48b-4044-9936-cf5b1867c6a0
5edb0d93-2b4b-49a0-968a-80dcf69a1b94	M5_D15	5edb0d93-2b4b-49a0-968a-80dcf69a1b94
914952c8-aa00-4b16-9f8f-198fb5e5c005	M5_D15	5edb0d93-2b4b-49a0-968a-80dcf69a1b94
b1628846-6d78-4034-b870-fb8fcc740213	M5_D18	5edb0d93-2b4b-49a0-968a-80dcf69a1b94
9c312e95-c662-415d-b04b-cf862111b875	M5_D15	9c312e95-c662-415d-b04b-cf862111b875
70f16470-a9cc-4b4f-9a4a-f3f84a460abb	M5_D18	e51d4fc4-baae-4fd9-8057-e96dada33392
e51d4fc4-baae-4fd9-8057-e96dada33392	M5_D18	e51d4fc4-baae-4fd9-8057-e96dada33392
3f822443-e3a8-40fd-9ea2-47c0adce2f5c	M5_D18	e51d4fc4-baae-4fd9-8057-e96dada33392
3757ca35-e99d-49f9-aa1a-a7700d95ec8f	M5_D18	e51d4fc4-baae-4fd9-8057-e96dada33392
f3724b74-48eb-48eb-9fd1-115e01e27537	M5_D18	f3724b74-48eb-48eb-9fd1-115e01e27537
f4fb1ae0-fb90-447b-8b11-c38070849991	M5_D18	d1ffda4b-78fb-58b0-bae0-fe3329523fb8
b66705fc-d8ae-4910-808b-51496b6fecd0	M5_D18	d1ffda4b-78fb-58b0-bae0-fe3329523fb8
5f0f7091-70be-47cc-8db8-061f39555770	M5_D18	d1ffda4b-78fb-58b0-bae0-fe3329523fb8
2d84e5f4-cd81-4439-bd07-5cbfd08bb92a	M5_D18	d1ffda4b-78fb-58b0-bae0-fe3329523fb8
d1ffda4b-78fb-58b0-bae0-fe3329523fb8	M5_D18	d1ffda4b-78fb-58b0-bae0-fe3329523fb8
740e90c0-be7b-4c55-b4a0-6c41cdc515f1	M5_D18	740e90c0-be7b-4c55-b4a0-6c41cdc515f1
9b45e0ad-6056-486b-998f-b70b1e579817	M5_D6	9b45e0ad-6056-486b-998f-b70b1e579817
08565744-870b-4bf4-be6d-63eba29b2754	M1_D15	08565744-870b-4bf4-be6d-63eba29b2754
c1a2bbed-06ce-49d8-a81f-8e8b3686b14a	M1_D15	c1a2bbed-06ce-49d8-a81f-8e8b3686b14a
78237e2d-968d-48f8-8c9f-96c3c2e5e9d5	M1_D15	c1a2bbed-06ce-49d8-a81f-8e8b3686b14a
aa4b0f72-3f53-4f00-bd57-728e1b7d4eb5	M1_D15	c1a2bbed-06ce-49d8-a81f-8e8b3686b14a
031cba10-9c30-4745-983c-1d4efed327ec	M1_D15	c1a2bbed-06ce-49d8-a81f-8e8b3686b14a
86c8d7c2-82ab-42fa-a0c0-21d747e4ea53	M1_D15	86c8d7c2-82ab-42fa-a0c0-21d747e4ea53
f27bd03a-a4a5-4251-b170-1fd3536d17ec	M1_D15	f27bd03a-a4a5-4251-b170-1fd3536d17ec
ac6e55b9-1b46-5724-9650-95999a5f4d30	M1_D15	ac6e55b9-1b46-5724-9650-95999a5f4d30
768f71ab-0c7d-48c1-a82c-2194e67dc7b0	M1_D15	768f71ab-0c7d-48c1-a82c-2194e67dc7b0
26fdc32a-6b1e-4c52-91ca-cb57311aa534	M2_D13	26fdc32a-6b1e-4c52-91ca-cb57311aa534
7dfaaa94-94c2-46b0-ab78-4c73dd718fa1	M2_D13	7dfaaa94-94c2-46b0-ab78-4c73dd718fa1
945ea178-c9c4-5427-8ab5-210a70de39c5	M3_D15	945ea178-c9c4-5427-8ab5-210a70de39c5
28d4c41e-a53a-5a23-b3f4-dc673b3a2391	M3_D15	28d4c41e-a53a-5a23-b3f4-dc673b3a2391
be38545f-5f1a-4205-81b0-b57e404cd884	M3_D15	63b36e7e-b1cd-4d10-880a-7b1666daaa88
b21bf6c6-4909-4fe3-b03d-bdf0a0ebd4ec	M3_D15	63b36e7e-b1cd-4d10-880a-7b1666daaa88
63b36e7e-b1cd-4d10-880a-7b1666daaa88	M3_D15	63b36e7e-b1cd-4d10-880a-7b1666daaa88
d1444073-8f1d-45ee-81f4-53a420bbfe0d	M5_D18	d1444073-8f1d-45ee-81f4-53a420bbfe0d
83bf587e-bd05-4581-a2a4-ac53e6bf93f5	M5_D18	f8dd1c8a-3020-488e-87ca-082fc32a8447
7f907912-ff2f-496d-8343-43441d69e111	M5_D18	f8dd1c8a-3020-488e-87ca-082fc32a8447
b628c4ef-7384-47ff-af41-8338731a5ff0	M5_D18	f8dd1c8a-3020-488e-87ca-082fc32a8447
4563a79e-2672-4074-ae1f-d03cc844274f	M5_D18	f8dd1c8a-3020-488e-87ca-082fc32a8447
f17b0216-743a-4f8f-9222-d15de7de1026	M5_D18	f8dd1c8a-3020-488e-87ca-082fc32a8447
88f54926-3892-41d9-b26e-fa48f05d5b6b	M5_D18	f8dd1c8a-3020-488e-87ca-082fc32a8447
339f68fd-8115-4676-96bf-10673be51ae3	M5_D18	f8dd1c8a-3020-488e-87ca-082fc32a8447
3e5585a5-55a6-4143-b31b-063117e8d41a	M5_D18	f8dd1c8a-3020-488e-87ca-082fc32a8447
46168001-7730-4568-af44-3d0689362454	M5_D18	f8dd1c8a-3020-488e-87ca-082fc32a8447
c313c169-ff59-4346-9bbe-5e79964fc58e	M5_D18	f8dd1c8a-3020-488e-87ca-082fc32a8447
426f3d0e-1d13-59e0-b285-d59fb5ebe572	M5_D18	f8dd1c8a-3020-488e-87ca-082fc32a8447
cb2bb2b1-a0b8-4cc3-9a1e-c6a91d2e63e8	M5_D18	f8dd1c8a-3020-488e-87ca-082fc32a8447
4c66a761-3932-4afb-becd-5a18d331e40d	M5_D18	f8dd1c8a-3020-488e-87ca-082fc32a8447
93ae44ac-911a-4763-b9ab-2f1c81e7cda7	M5_D18	f8dd1c8a-3020-488e-87ca-082fc32a8447
76becb4c-091b-43a2-b652-910a38be6ac6	M5_D18	f8dd1c8a-3020-488e-87ca-082fc32a8447
f8dd1c8a-3020-488e-87ca-082fc32a8447	M5_D18	f8dd1c8a-3020-488e-87ca-082fc32a8447
3385f059-6b16-49e1-af2d-522e5e0cd072	M5_D18	f8dd1c8a-3020-488e-87ca-082fc32a8447
ee7dcb22-db5f-43bf-a38e-0d28debd54d2	M5_D18	f8dd1c8a-3020-488e-87ca-082fc32a8447
31a0b2eb-7d63-40ec-beb3-b20bf5379e67	M5_D18	f8dd1c8a-3020-488e-87ca-082fc32a8447
83c22d75-f255-4a09-9e1a-51bbfbbd7174	M5_D18	f8dd1c8a-3020-488e-87ca-082fc32a8447
4900d68b-b54a-4b28-ba21-db1dcea7e398	M5_D18	f8dd1c8a-3020-488e-87ca-082fc32a8447
46c66416-1875-47eb-9054-96c88f92cbf1	M5_D18	f8dd1c8a-3020-488e-87ca-082fc32a8447
edcc0999-53f0-49fe-b98c-122bc210b375	M5_D18	dca67dda-0fa8-46b5-9bed-e2b9face4a33
d83b0855-fcc0-4253-82e2-051e3f0e68ac	M5_D18	dca67dda-0fa8-46b5-9bed-e2b9face4a33
e884a498-68ed-4231-a288-3c3111b14ef2	M5_D18	dca67dda-0fa8-46b5-9bed-e2b9face4a33
b09fcb0b-ee14-5f9f-bcc9-46be68ff3ee5	M5_D18	dca67dda-0fa8-46b5-9bed-e2b9face4a33
f7fcc4a7-2182-40d3-896c-7285a291f027	M5_D18	dca67dda-0fa8-46b5-9bed-e2b9face4a33
771d03f1-d6ec-4193-86d4-0a6783652091	M5_D18	dca67dda-0fa8-46b5-9bed-e2b9face4a33
0e3b581b-0470-4c90-bc4d-6ff7ac9059a7	M5_D18	dca67dda-0fa8-46b5-9bed-e2b9face4a33
98eaa0e1-d4c8-4dcb-bad5-b42e228573d7	M5_D18	dca67dda-0fa8-46b5-9bed-e2b9face4a33
f2f61810-0c70-413d-af5c-8aaae75f6cca	M5_D18	dca67dda-0fa8-46b5-9bed-e2b9face4a33
191ae655-b430-438c-818f-8e715b5ca4dc	M5_D18	dca67dda-0fa8-46b5-9bed-e2b9face4a33
6cd29383-3b92-4842-80be-0b38389c3329	M5_D18	dca67dda-0fa8-46b5-9bed-e2b9face4a33
5e8f6671-7fcc-47b9-8e28-e55d919fb129	M5_D18	dca67dda-0fa8-46b5-9bed-e2b9face4a33
c9f0d182-f0f9-4fa5-bc4d-fda31fb2f51f	M5_D18	dca67dda-0fa8-46b5-9bed-e2b9face4a33
59d331c8-d97e-4ebb-953d-7a4fb7e8d2bf	M5_D18	dca67dda-0fa8-46b5-9bed-e2b9face4a33
a8301e6a-feca-4a50-bf76-9cc0c47d8343	M5_D18	dca67dda-0fa8-46b5-9bed-e2b9face4a33
dca67dda-0fa8-46b5-9bed-e2b9face4a33	M5_D18	dca67dda-0fa8-46b5-9bed-e2b9face4a33
1b992ab3-86fd-4bad-87a8-92efe81000bd	M5_D18	dca67dda-0fa8-46b5-9bed-e2b9face4a33
528c7881-9af2-43b9-bee5-7e5cf6038267	M5_D18	dca67dda-0fa8-46b5-9bed-e2b9face4a33
1a897047-da4a-4869-9da1-9266f40f3be3	M5_D18	dca67dda-0fa8-46b5-9bed-e2b9face4a33
a5e89d5b-6a1e-4eee-9221-4c9d899ecfb6	M5_D18	dca67dda-0fa8-46b5-9bed-e2b9face4a33
237cbb39-fa63-4ea0-b10f-60cd08c76111	M5_D18	dca67dda-0fa8-46b5-9bed-e2b9face4a33
bb3d78d3-e500-4751-901e-144fde5b55d0	M5_D18	bb3d78d3-e500-4751-901e-144fde5b55d0
20d382a3-e6bd-4fba-a2c0-c2257e776f14	M1_D15	20d382a3-e6bd-4fba-a2c0-c2257e776f14
20939df1-0379-47ca-9c28-238bed571826	M1_D15	20939df1-0379-47ca-9c28-238bed571826
826acc18-6c84-4324-a159-dd07f396be60	M1_D15	826acc18-6c84-4324-a159-dd07f396be60
b91cee48-0ff9-46d6-b187-08377f6f19ae	M1_D15	b91cee48-0ff9-46d6-b187-08377f6f19ae
e0df3305-0b21-4bb4-8d93-a58372a47fe9	M1_D15	e0df3305-0b21-4bb4-8d93-a58372a47fe9
85d41610-25b3-5ad4-b125-6270685d13f2	M1_D15	85d41610-25b3-5ad4-b125-6270685d13f2
708f3105-da94-56d5-814c-e07cd07b4f8f	M1_D15	708f3105-da94-56d5-814c-e07cd07b4f8f
da7b577c-868e-45bb-8702-10fec1f75acb	M1_D15	da7b577c-868e-45bb-8702-10fec1f75acb
e2496bea-52c1-49d2-91e0-caeb000df817	M1_D15	e2496bea-52c1-49d2-91e0-caeb000df817
fa2f816f-da72-4963-b1e7-c235f9f56898	M2_D13	fa2f816f-da72-4963-b1e7-c235f9f56898
714908eb-c8d4-43c7-834f-4503b2b47ad9	M5_D18	fa2f816f-da72-4963-b1e7-c235f9f56898
640f0574-dc5d-4454-be39-0f0bcfb6a43d	M2_D13	640f0574-dc5d-4454-be39-0f0bcfb6a43d
86b7205c-e5be-50f4-934d-5312c67c8b11	M3_D15	86b7205c-e5be-50f4-934d-5312c67c8b11
82899f23-7c4d-4f4a-af7f-295ceecfc5d0	M3_D15	82899f23-7c4d-4f4a-af7f-295ceecfc5d0
d2014141-862c-46e9-805a-4f34e1e29421	M3_D15	d2014141-862c-46e9-805a-4f34e1e29421
22c1a8c4-628e-4c4b-bb9b-f03175d781cd	M4_D6	22c1a8c4-628e-4c4b-bb9b-f03175d781cd
4fc92774-3c69-4f5f-a6bd-c57f91f10c3f	M5_D15	4fc92774-3c69-4f5f-a6bd-c57f91f10c3f
895bc379-ef48-46c8-972c-c61c9b6d5cca	M5_D15	895bc379-ef48-46c8-972c-c61c9b6d5cca
8269b75c-33c9-4274-9489-85af881e103d	M5_D15	8269b75c-33c9-4274-9489-85af881e103d
1ae982c3-8673-42bb-b6ab-8dd3c29e9dd8	M5_D18	1ae982c3-8673-42bb-b6ab-8dd3c29e9dd8
da32c98a-be72-4899-95c6-841a953f00db	M5_D18	da32c98a-be72-4899-95c6-841a953f00db
f65a0f2a-cfbc-4713-a211-dc174cf89bce	M5_D18	f65a0f2a-cfbc-4713-a211-dc174cf89bce
483f2a85-0e7a-4d55-9cea-8732f34d3835	M5_D18	483f2a85-0e7a-4d55-9cea-8732f34d3835
bf858da4-49b0-59b5-a871-9e60101385d4	M5_D18	bf858da4-49b0-59b5-a871-9e60101385d4
e19ddb91-a462-4dcf-b172-14136f3121e7	M5_D18	5252f6a7-f9a7-4fe6-a434-61b62bff1c29
ea21aebe-de24-4cd8-8ca5-937a2e04350f	M5_D18	5252f6a7-f9a7-4fe6-a434-61b62bff1c29
d98f703f-66fc-59bd-902b-8db6b852fb48	M5_D18	5252f6a7-f9a7-4fe6-a434-61b62bff1c29
2d48f385-01d4-5a8f-bc3b-1778f52a3086	M5_D18	5252f6a7-f9a7-4fe6-a434-61b62bff1c29
f906f324-0d10-5282-8478-aad01be8beed	M5_D18	5252f6a7-f9a7-4fe6-a434-61b62bff1c29
37c0f574-e3fb-40c2-a140-bade724614d6	M5_D18	5252f6a7-f9a7-4fe6-a434-61b62bff1c29
5252f6a7-f9a7-4fe6-a434-61b62bff1c29	M5_D18	5252f6a7-f9a7-4fe6-a434-61b62bff1c29
669e8599-9288-462a-91dc-94d76c51a5db	M5_D18	f5b25d70-d88a-4517-aa25-409a03c20948
02b7eaa4-e92b-4992-b17b-286da1919a25	M5_D18	f5b25d70-d88a-4517-aa25-409a03c20948
f5b25d70-d88a-4517-aa25-409a03c20948	M5_D18	f5b25d70-d88a-4517-aa25-409a03c20948
1256fc58-494e-466b-8f77-65dbe851f483	M5_D18	1256fc58-494e-466b-8f77-65dbe851f483
0ef06ef9-6388-4094-acc8-14ebbdffbbe6	M1_D15	0ef06ef9-6388-4094-acc8-14ebbdffbbe6
e08a28ca-a342-4915-8d9b-37275bb602d3	M1_D15	e08a28ca-a342-4915-8d9b-37275bb602d3
eccecd98-02b2-4272-9799-ac3a23a2a375	M1_D15	eccecd98-02b2-4272-9799-ac3a23a2a375
1546eb84-3fd6-4def-8287-3b1db6da754e	M1_D15	1546eb84-3fd6-4def-8287-3b1db6da754e
35e282c8-3b48-4ef9-8b43-598608397199	M1_D15	35e282c8-3b48-4ef9-8b43-598608397199
b0cef680-7552-4d3f-8479-cbd4e90d8658	M1_D15	b0cef680-7552-4d3f-8479-cbd4e90d8658
c411fdef-e2e4-46d1-b9e0-019f5376803a	M1_D15	c411fdef-e2e4-46d1-b9e0-019f5376803a
557e98fe-5320-4050-983d-ad623a7ae1a2	M3_D15	557e98fe-5320-4050-983d-ad623a7ae1a2
dc247628-15bc-4695-a038-04ed38be74ba	M3_D15	dc247628-15bc-4695-a038-04ed38be74ba
0706a7ba-e875-4964-83b5-b9145fa5ef21	M5_D18	0706a7ba-e875-4964-83b5-b9145fa5ef21
e4b30ac2-dd90-4835-b8ee-1d24d7dab661	M5_D18	0706a7ba-e875-4964-83b5-b9145fa5ef21
a059d4fc-669b-4f95-a7b8-07f0ffebe08e	M5_D18	a059d4fc-669b-4f95-a7b8-07f0ffebe08e
52eba208-a93b-4d10-9920-e5f6eb0b3cf8	M5_D18	52eba208-a93b-4d10-9920-e5f6eb0b3cf8
1ed56593-fdcd-436b-a18d-3f0561c59d93	M5_D18	52eba208-a93b-4d10-9920-e5f6eb0b3cf8
a77ef486-12e3-471f-8512-e5ec75c94a43	M5_D18	1384fca2-caf4-4aa2-9d88-f784ef4c0cfa
2efdb8b5-3c72-4bed-a161-0b49013b41f2	M5_D18	1384fca2-caf4-4aa2-9d88-f784ef4c0cfa
5b20015a-b22d-4fd5-a944-7966d5fa1788	M5_D18	1384fca2-caf4-4aa2-9d88-f784ef4c0cfa
8284cb1f-0e26-4b37-b4c4-1382dbb44f40	M5_D18	1384fca2-caf4-4aa2-9d88-f784ef4c0cfa
43e28e87-acfa-45ab-8166-3b4a8528d1c2	M5_D18	1384fca2-caf4-4aa2-9d88-f784ef4c0cfa
1b321676-788f-44de-a0e4-9ada252ab624	M5_D18	1384fca2-caf4-4aa2-9d88-f784ef4c0cfa
14610b08-62fe-44d8-9186-946ecaf9d7bf	M5_D18	1384fca2-caf4-4aa2-9d88-f784ef4c0cfa
68e17fd4-da69-43b9-917c-ed7ed496eac3	M5_D18	1384fca2-caf4-4aa2-9d88-f784ef4c0cfa
c68b2049-bfe3-4e9a-88f4-9aca183a89c1	M5_D18	1384fca2-caf4-4aa2-9d88-f784ef4c0cfa
1856288b-2a43-47ad-8b79-620d079e9e22	M5_D18	1384fca2-caf4-4aa2-9d88-f784ef4c0cfa
1384fca2-caf4-4aa2-9d88-f784ef4c0cfa	M5_D18	1384fca2-caf4-4aa2-9d88-f784ef4c0cfa
a2c577c3-0670-4f33-b9f4-a9ef7678ce99	M5_D18	1384fca2-caf4-4aa2-9d88-f784ef4c0cfa
2ef57a06-cee3-43d8-af5e-63b3e88cc126	M1_D15	2ef57a06-cee3-43d8-af5e-63b3e88cc126
3a889a77-ae3c-400a-a534-745e2ec78936	M1_D15	3a889a77-ae3c-400a-a534-745e2ec78936
f7939ca2-a0cf-40e3-a651-e1db1619a3af	M1_D15	f7939ca2-a0cf-40e3-a651-e1db1619a3af
c836bb79-55c5-49b4-9005-91624b5dc05e	M1_D15	c836bb79-55c5-49b4-9005-91624b5dc05e
aeeefa80-bae8-4e2c-b6e3-74d1e5ba97de	M1_D15	aeeefa80-bae8-4e2c-b6e3-74d1e5ba97de
f5d75265-a434-4e31-997b-e0951536c9d7	M1_D6	f5d75265-a434-4e31-997b-e0951536c9d7
ee3d4799-c3da-4867-bf4b-94fd35be7670	M2_D13	ee3d4799-c3da-4867-bf4b-94fd35be7670
52c34f30-2629-486c-aacd-b2f478ac9325	M3_D15	52c34f30-2629-486c-aacd-b2f478ac9325
f28567cc-0608-4528-9e60-46817b563cd1	M3_D15	f28567cc-0608-4528-9e60-46817b563cd1
bf80da04-07f7-4a6f-9b47-c1f14808802c	M4_D13	bf80da04-07f7-4a6f-9b47-c1f14808802c
aa97cc37-bec6-4e63-a722-ade43ba7e209	M4_D13	aa97cc37-bec6-4e63-a722-ade43ba7e209
6f062dae-7573-4415-ae68-c7d7b3a307ed	M4_D13	6f062dae-7573-4415-ae68-c7d7b3a307ed
df996942-a595-40be-a070-066b4ff1aad1	M5_D15	df996942-a595-40be-a070-066b4ff1aad1
5a72af00-57eb-4b61-9356-de75f96553f9	M5_D15	5a72af00-57eb-4b61-9356-de75f96553f9
1151ffbb-a6e1-4258-9b76-e5976ee5ac42	M5_D15	1151ffbb-a6e1-4258-9b76-e5976ee5ac42
d6d303ac-c11c-4785-940b-d924c27ac836	M5_D18	d6d303ac-c11c-4785-940b-d924c27ac836
7901e958-e208-45ca-a01e-ed9c84a88d81	M5_D18	d6d303ac-c11c-4785-940b-d924c27ac836
e8643a08-2d4f-4212-956f-c5f9536825db	M5_D18	e8643a08-2d4f-4212-956f-c5f9536825db
332ea7c2-c188-5a3e-be40-c9df74888d72	M5_D18	332ea7c2-c188-5a3e-be40-c9df74888d72
a95d156c-2643-4164-9d1a-9ad0cfa8c03a	M5_D18	a95d156c-2643-4164-9d1a-9ad0cfa8c03a
18f6e966-c479-4e74-828b-3bd3d7da6956	M5_D18	18f6e966-c479-4e74-828b-3bd3d7da6956
6159d5e6-b72f-437c-9c68-0511b26265e8	M1_D15	6159d5e6-b72f-437c-9c68-0511b26265e8
97402765-5dc3-43f6-a503-af1a1d3ffa6c	M1_D15	97402765-5dc3-43f6-a503-af1a1d3ffa6c
731c109a-4e23-4214-8393-9a21f5d0445a	M1_D15	731c109a-4e23-4214-8393-9a21f5d0445a
c4429390-29db-4619-9b40-00e7f92c767f	M1_D15	c4429390-29db-4619-9b40-00e7f92c767f
b7e41b0c-5b4f-4f17-b83d-b9dcf34824f9	M1_D15	b7e41b0c-5b4f-4f17-b83d-b9dcf34824f9
ac23fdfd-b649-4119-8ed7-0990a413be60	M1_D15	ac23fdfd-b649-4119-8ed7-0990a413be60
76e58fb6-39d4-415b-a171-762685f70555	M1_D15	76e58fb6-39d4-415b-a171-762685f70555
2e3b3190-b99b-462c-b259-5963c520e14c	M1_D15	2e3b3190-b99b-462c-b259-5963c520e14c
cd092a99-3bc2-4c2c-bf89-0d42f71cd6c8	M1_D15	cd092a99-3bc2-4c2c-bf89-0d42f71cd6c8
083fd44a-f836-4d36-ba0c-5500de48ed53	M1_D15	083fd44a-f836-4d36-ba0c-5500de48ed53
682732f1-4b87-4f3a-beef-31c77142d44d	M1_D6	682732f1-4b87-4f3a-beef-31c77142d44d
e07f9b44-b6ae-462f-bc82-207e03abad86	M3_D15	e07f9b44-b6ae-462f-bc82-207e03abad86
d8d0359b-19d4-44d2-b40f-be3bac5c5e82	M3_D15	d8d0359b-19d4-44d2-b40f-be3bac5c5e82
a2f54bba-8bb4-4078-b0e6-22643a81f820	M3_D15	a2f54bba-8bb4-4078-b0e6-22643a81f820
a8cd7a26-a2ce-4e8f-96a8-19b63f729223	M5_D15	a8cd7a26-a2ce-4e8f-96a8-19b63f729223
ee4d2f31-5486-4621-8c49-25270b0347bc	M5_D15	ee4d2f31-5486-4621-8c49-25270b0347bc
4fa50743-1180-59c2-a077-7fca0a48b556	M5_D18	4fa50743-1180-59c2-a077-7fca0a48b556
71cf86ab-db60-5211-839a-5a571e2feb89	M5_D18	71cf86ab-db60-5211-839a-5a571e2feb89
47d58e6f-35a5-4c9e-a0c2-3aa35544636f	M5_D18	d07faa5b-4767-44ec-907f-8b8e74b19d63
d07faa5b-4767-44ec-907f-8b8e74b19d63	M5_D18	d07faa5b-4767-44ec-907f-8b8e74b19d63
c2f1773a-1a01-5b4f-a1ae-b980a0096217	M5_D18	d07faa5b-4767-44ec-907f-8b8e74b19d63
cec46937-1c49-4295-89d8-7a24d0ce9361	M5_D18	d07faa5b-4767-44ec-907f-8b8e74b19d63
624c69c8-5f53-420f-8da4-f604c8ca3fae	M5_D18	d07faa5b-4767-44ec-907f-8b8e74b19d63
61249828-eb64-4d41-8162-687073ad4d48	M5_D18	61249828-eb64-4d41-8162-687073ad4d48
d52454f1-b653-4a70-8151-2a8f0b3e9d4c	M5_D18	d52454f1-b653-4a70-8151-2a8f0b3e9d4c
06259e1a-05c0-590b-b51f-061ce7cca7a6	M5_D18	a3cd4644-3179-4bca-8ca1-bc0551111d4b
a3cd4644-3179-4bca-8ca1-bc0551111d4b	M5_D18	a3cd4644-3179-4bca-8ca1-bc0551111d4b
d53fd69e-e834-4add-867b-3833bcdf3fba	M5_D18	d53fd69e-e834-4add-867b-3833bcdf3fba
be320aa7-b7b2-40c4-9ad1-09071774daff	M5_D18	be320aa7-b7b2-40c4-9ad1-09071774daff
6dcf5eec-caac-55e2-852b-5188107fc484	M1_D15	6dcf5eec-caac-55e2-852b-5188107fc484
e4464637-7c0c-4e0a-8955-2257c73135bc	M1_D15	e4464637-7c0c-4e0a-8955-2257c73135bc
9051e331-f958-4cfb-bd0c-17cf79b1920c	M1_D15	9051e331-f958-4cfb-bd0c-17cf79b1920c
e6dd33d4-5253-4cc3-8389-c76854490bea	M1_D15	e6dd33d4-5253-4cc3-8389-c76854490bea
1866db33-8d76-48d6-bc98-13d8d0e19f9e	M1_D15	1866db33-8d76-48d6-bc98-13d8d0e19f9e
f65bd734-33a8-4adc-b422-06d9517a2eb2	M1_D15	f65bd734-33a8-4adc-b422-06d9517a2eb2
c18b766d-d7b9-4725-b293-cfe7405e5c36	M2_D13	c18b766d-d7b9-4725-b293-cfe7405e5c36
d8d9440d-6065-451f-b18f-be62cba7cfbe	M4_D13	d8d9440d-6065-451f-b18f-be62cba7cfbe
7a2e3837-500f-4664-85a2-3f4495bc0907	M4_D13	7a2e3837-500f-4664-85a2-3f4495bc0907
c01a4816-ef98-41dd-a396-38a7ea7e7190	M5_D15	c01a4816-ef98-41dd-a396-38a7ea7e7190
5543c8e7-be3e-48fe-99fd-8b7e1996b9b4	M5_D15	5543c8e7-be3e-48fe-99fd-8b7e1996b9b4
f775aa64-1025-470a-b6db-9f572578978b	M5_D18	f775aa64-1025-470a-b6db-9f572578978b
c8f6e984-09ab-4568-a6f9-30dfae3943d3	M5_D18	c8f6e984-09ab-4568-a6f9-30dfae3943d3
a4dd6798-a497-4912-b014-c7bf7d9b1ded	M5_D18	c8f6e984-09ab-4568-a6f9-30dfae3943d3
ed171f05-6211-4e1b-ace4-d1929c1533af	M5_D18	ed171f05-6211-4e1b-ace4-d1929c1533af
6cf9aea6-17af-40c4-bf89-c5a8561daff7	M5_D18	6cf9aea6-17af-40c4-bf89-c5a8561daff7
6a7c826f-3c29-40da-a0ed-1fbab0fd7976	M5_D18	c875155c-1f0d-4a90-9946-70f8e09e47b0
55ad3be4-93d1-48a4-89fa-26f50c16595a	M5_D18	c875155c-1f0d-4a90-9946-70f8e09e47b0
63386682-1d93-438d-90da-633962276522	M5_D18	c875155c-1f0d-4a90-9946-70f8e09e47b0
02fee7bf-8875-4fd3-8e8f-e6cc5d2b4c47	M5_D18	c875155c-1f0d-4a90-9946-70f8e09e47b0
c875155c-1f0d-4a90-9946-70f8e09e47b0	M5_D18	c875155c-1f0d-4a90-9946-70f8e09e47b0
cbf23378-746f-4075-8905-c548ddb91684	M5_D18	c875155c-1f0d-4a90-9946-70f8e09e47b0
ff6240eb-9419-4d4b-bfc5-9e32a5f63f33	M5_D18	c875155c-1f0d-4a90-9946-70f8e09e47b0
e9ac840e-2fbd-490a-9b2b-78260bc176b7	M5_D18	c875155c-1f0d-4a90-9946-70f8e09e47b0
e9900aab-4d4e-4c97-8abf-9ceed11d65ab	M5_D18	c875155c-1f0d-4a90-9946-70f8e09e47b0
03ee4120-48cb-42df-9628-d392fd01f2fd	M5_D18	3e084a87-4361-4fa8-925f-2f8bf2cca703
3e084a87-4361-4fa8-925f-2f8bf2cca703	M5_D18	3e084a87-4361-4fa8-925f-2f8bf2cca703
ae938066-339f-4819-a49c-c4ed564bbf9d	M5_D18	ae938066-339f-4819-a49c-c4ed564bbf9d
24a5f9dc-d02d-44f7-b4d7-06065f374a9b	M5_D18	24a5f9dc-d02d-44f7-b4d7-06065f374a9b
60b59eb9-07f5-473e-b563-be76ce7dd8e6	M5_D18	af6b09fb-302a-4c4a-9d8f-01726d268484
af6b09fb-302a-4c4a-9d8f-01726d268484	M5_D18	af6b09fb-302a-4c4a-9d8f-01726d268484
084cc9fc-8051-4228-b750-e4e92fec183f	M5_D18	084cc9fc-8051-4228-b750-e4e92fec183f
cf4da9e1-7720-4ae7-87da-7706a8f3dff0	M5_D18	cf4da9e1-7720-4ae7-87da-7706a8f3dff0
f668456a-c748-410d-bf40-269ede0bd758	M5_D18	90fee3cb-eab9-4409-b4dc-3b3ba1e033e6
fd37281a-fb9e-4064-8d7c-251c82fb4430	M5_D18	90fee3cb-eab9-4409-b4dc-3b3ba1e033e6
bc524acf-2b1b-475a-bd89-d0ef08b7da28	M5_D18	90fee3cb-eab9-4409-b4dc-3b3ba1e033e6
64926338-a6d2-4af9-9bfc-851521536568	M5_D18	90fee3cb-eab9-4409-b4dc-3b3ba1e033e6
5768487a-fc6e-4233-9c12-4b1fdc026183	M5_D18	90fee3cb-eab9-4409-b4dc-3b3ba1e033e6
90fee3cb-eab9-4409-b4dc-3b3ba1e033e6	M5_D18	90fee3cb-eab9-4409-b4dc-3b3ba1e033e6
a7a548af-1865-43ee-86a2-5de61bc3fca6	M5_D18	90fee3cb-eab9-4409-b4dc-3b3ba1e033e6
bd051295-d335-4a3e-8ce2-3d5c8e37f54e	M5_D18	90fee3cb-eab9-4409-b4dc-3b3ba1e033e6
575cb2b6-0d8d-41f5-83c8-9e5d02fe381b	M5_D18	530aca9d-5bef-41db-bd30-c5e50f28aa1e
196630e8-bcdd-5890-8dca-27ab0eee59e5	M5_D18	530aca9d-5bef-41db-bd30-c5e50f28aa1e
530aca9d-5bef-41db-bd30-c5e50f28aa1e	M5_D18	530aca9d-5bef-41db-bd30-c5e50f28aa1e
f0a1a57e-adff-4f9f-a72e-9dfb34416b9a	M1_D15	f0a1a57e-adff-4f9f-a72e-9dfb34416b9a
19898331-2ac4-458b-9aed-4e9b113e4a40	M1_D15	19898331-2ac4-458b-9aed-4e9b113e4a40
62f99fc1-a74b-4efd-afb0-12de93ff0d59	M1_D15	62f99fc1-a74b-4efd-afb0-12de93ff0d59
d0a47ab3-8d7c-47e8-a0aa-6bd92e5b27ec	M1_D15	d0a47ab3-8d7c-47e8-a0aa-6bd92e5b27ec
f289cd33-4563-454d-9872-0ce3faeead12	M1_D15	f289cd33-4563-454d-9872-0ce3faeead12
21adff9b-d54f-4f75-97a4-1847eee50eda	M1_D15	21adff9b-d54f-4f75-97a4-1847eee50eda
be720177-5754-410e-84ca-5852e264fe02	M1_D15	be720177-5754-410e-84ca-5852e264fe02
56d78848-3fda-4cc8-87cb-9ae672c4255c	M1_D15	56d78848-3fda-4cc8-87cb-9ae672c4255c
d5e06c11-530a-5fff-bf0d-d5f482973a09	M2_D13	d5e06c11-530a-5fff-bf0d-d5f482973a09
5d069d87-cecf-5fae-8142-1219bd409374	M3_D15	5d069d87-cecf-5fae-8142-1219bd409374
f61bc575-9142-433f-a7ad-d30a1b092403	M3_D15	f61bc575-9142-433f-a7ad-d30a1b092403
4e989a5d-c373-4e98-91ce-7c83f71d4fd5	M3_D15	4e989a5d-c373-4e98-91ce-7c83f71d4fd5
dec862a3-6f4c-4a66-b2a8-412dfae3ef52	M4_D6	dec862a3-6f4c-4a66-b2a8-412dfae3ef52
3dde8024-88a0-427b-a5a5-740fd7aa58b3	M5_D15	3dde8024-88a0-427b-a5a5-740fd7aa58b3
89ea5dd1-0df3-4873-a13d-9a762581a3ce	M5_D18	89ea5dd1-0df3-4873-a13d-9a762581a3ce
1eb11284-0f30-494b-9a22-8ccef280c08e	M5_D18	1eb11284-0f30-494b-9a22-8ccef280c08e
af8ec7d1-d1f8-4e31-bdda-85207b335e6b	M5_D18	af8ec7d1-d1f8-4e31-bdda-85207b335e6b
cf4a05ce-d94e-4f8d-a0a4-68bdb4824395	M5_D18	cf4a05ce-d94e-4f8d-a0a4-68bdb4824395
5884dbb5-0c21-5b06-90c4-ed277f288634	M5_D18	75c08220-6591-428e-bd01-7651d1bb1c85
75c08220-6591-428e-bd01-7651d1bb1c85	M5_D18	75c08220-6591-428e-bd01-7651d1bb1c85
fd6bba22-8da7-4ad5-bf2d-dd198ff9f4b7	M5_D18	75c08220-6591-428e-bd01-7651d1bb1c85
71a715c8-0869-458e-ad98-47a9a1546f59	M5_D18	71a715c8-0869-458e-ad98-47a9a1546f59
45176065-c291-4906-b607-f37dbeb85371	M5_D18	45176065-c291-4906-b607-f37dbeb85371
f24a6435-73b2-4429-83fe-187b95bd6e7a	M5_D18	f24a6435-73b2-4429-83fe-187b95bd6e7a
77d39daf-5d6d-43fc-a0e1-2361bb65bee2	M5_D18	77d39daf-5d6d-43fc-a0e1-2361bb65bee2
c931a017-226e-46ec-9ddf-6c6140090b26	M5_D18	c931a017-226e-46ec-9ddf-6c6140090b26
e4396c86-b381-4d47-94ff-c89b79aeb099	M5_D18	e4396c86-b381-4d47-94ff-c89b79aeb099
f53106f8-dc79-44b7-8aec-69c54f8884e7	M5_D18	f53106f8-dc79-44b7-8aec-69c54f8884e7
4452ad5b-38f9-4ad4-ade6-3eae5423dff5	M5_D18	4452ad5b-38f9-4ad4-ade6-3eae5423dff5
49e0b877-e08f-4f78-b5fc-aa1840620a5a	M5_D18	49e0b877-e08f-4f78-b5fc-aa1840620a5a
18dcb816-1d7e-4249-be88-389819ee5912	M1_D15	18dcb816-1d7e-4249-be88-389819ee5912
ffa5bdea-d819-512f-81fa-e4cae9ee667b	M1_D15	ffa5bdea-d819-512f-81fa-e4cae9ee667b
5fad440f-b96f-4e4b-9e7d-37753183e29a	M3_D15	5fad440f-b96f-4e4b-9e7d-37753183e29a
023e8588-7d23-56ef-ab75-4fde5d1d5b66	M4_D13	023e8588-7d23-56ef-ab75-4fde5d1d5b66
68c20e20-1408-4108-b006-8ea4f89f0ee4	M5_D15	68c20e20-1408-4108-b006-8ea4f89f0ee4
2367c2ed-30ff-5902-ba9e-455fb312e8d7	M5_D18	2367c2ed-30ff-5902-ba9e-455fb312e8d7
5ab73b53-fefa-46f0-ba45-494f2b419056	M5_D18	5ab73b53-fefa-46f0-ba45-494f2b419056
8ec84beb-a480-471a-af2b-8a6777095335	M5_D18	8ec84beb-a480-471a-af2b-8a6777095335
a3118b6d-ab61-4574-b324-5f6cf428c7a2	M5_D18	a3118b6d-ab61-4574-b324-5f6cf428c7a2
28753b5e-525c-4f32-ac3a-74f1096755d2	M5_D18	28753b5e-525c-4f32-ac3a-74f1096755d2
aebe4b7c-424a-423b-adbe-95501e3d2c03	M5_D18	aebe4b7c-424a-423b-adbe-95501e3d2c03
96e84b34-029e-5517-a3e9-137a8c5ced23	M5_D18	96e84b34-029e-5517-a3e9-137a8c5ced23
3655efb7-a6a2-5a83-a1cb-1b6db0d5ad75	M5_D18	3655efb7-a6a2-5a83-a1cb-1b6db0d5ad75
2a109645-93d8-4150-b622-30f87922d501	M5_D18	2a109645-93d8-4150-b622-30f87922d501
1fa1cb2f-dbc1-4b12-ad3c-afa377eb97d3	M5_D18	1fa1cb2f-dbc1-4b12-ad3c-afa377eb97d3
0a1bbe8d-1507-4acd-8afb-88187f3bcd37	M5_D18	0a1bbe8d-1507-4acd-8afb-88187f3bcd37
b869fc15-3797-42cb-8d73-8e9daeb9ac39	M5_D18	b869fc15-3797-42cb-8d73-8e9daeb9ac39
8248fdf3-a53c-415e-8f8d-301d527d8e19	M5_D18	8248fdf3-a53c-415e-8f8d-301d527d8e19
d1c0b1b6-f9bd-4c65-9ccc-8742e8c41f9c	M5_D18	9fc7077e-9f1c-4967-b2ab-35c438be68df
9fc7077e-9f1c-4967-b2ab-35c438be68df	M5_D18	9fc7077e-9f1c-4967-b2ab-35c438be68df
d6461a55-1916-4b3e-af14-54294e30eae5	M5_D18	d6461a55-1916-4b3e-af14-54294e30eae5
6d9d2466-68fb-44a6-8550-97e7ea81e312	M1_D15	6d9d2466-68fb-44a6-8550-97e7ea81e312
da5432e1-3ec4-4115-b642-9e79241284d1	M1_D15	da5432e1-3ec4-4115-b642-9e79241284d1
0923417b-09b2-491d-92dc-070a922b034d	M2_D13	0923417b-09b2-491d-92dc-070a922b034d
7200d24f-c5df-425a-a741-13b34e46ebd5	M3_D15	7200d24f-c5df-425a-a741-13b34e46ebd5
30e924bb-2613-49a8-8896-496c408fd0b7	M3_D15	30e924bb-2613-49a8-8896-496c408fd0b7
141c71cc-9f27-5d48-ae8f-c5090324d4ab	M3_D15	141c71cc-9f27-5d48-ae8f-c5090324d4ab
1c2bce94-2361-4274-b827-3e6745eb2a34	M5_D15	1c2bce94-2361-4274-b827-3e6745eb2a34
913f7ac8-b265-477a-9503-8a5c6d8fc62a	M5_D15	913f7ac8-b265-477a-9503-8a5c6d8fc62a
49dd786a-789b-4482-981f-1a5edbe23325	M5_D15	49dd786a-789b-4482-981f-1a5edbe23325
d6745eea-8f05-424b-a067-47b19b3ebe68	M5_D18	d6745eea-8f05-424b-a067-47b19b3ebe68
bc86ef4f-b3fb-44b1-84f8-d3099bd09f25	M5_D18	bc86ef4f-b3fb-44b1-84f8-d3099bd09f25
f6d55256-85d8-45fa-9dd9-8ccc80d56ccf	M5_D18	f6d55256-85d8-45fa-9dd9-8ccc80d56ccf
3bb17b39-12ae-4efb-9cbb-cd8ffa8a5302	M5_D18	3bb17b39-12ae-4efb-9cbb-cd8ffa8a5302
5ad3decc-da74-4bde-bace-b6ba0cc8a434	M5_D18	5ad3decc-da74-4bde-bace-b6ba0cc8a434
b5284fcb-a87c-4303-bce5-1223b374cd1e	M5_D18	b5284fcb-a87c-4303-bce5-1223b374cd1e
8ce58949-e025-41f1-8535-ccf45a35760b	M5_D18	8ce58949-e025-41f1-8535-ccf45a35760b
cc7483aa-4259-4ae4-8cfa-3bc148ae2603	M5_D18	cc7483aa-4259-4ae4-8cfa-3bc148ae2603
021a5721-965c-4fa1-a3e9-f7eeac94f24e	M5_D18	021a5721-965c-4fa1-a3e9-f7eeac94f24e
aa0237b0-6c10-4830-ad90-0ca24aa64fe0	M5_D18	aa0237b0-6c10-4830-ad90-0ca24aa64fe0
76aa13aa-66d9-4bb9-b265-a93a3422cef2	M5_D18	76aa13aa-66d9-4bb9-b265-a93a3422cef2
f6c55cdd-39c0-48db-91dc-13830bcd6a7a	M1_D15	f6c55cdd-39c0-48db-91dc-13830bcd6a7a
bae1dfa8-620d-41f5-bde1-ccaff74bf30f	M1_D15	bae1dfa8-620d-41f5-bde1-ccaff74bf30f
829832f7-1a77-4bf5-83e5-2c517647b62b	M1_D15	829832f7-1a77-4bf5-83e5-2c517647b62b
489d5924-e9bd-4041-b5f7-339acdfe7bc3	M1_D15	489d5924-e9bd-4041-b5f7-339acdfe7bc3
a5280cd7-9e04-406c-b986-be03222b787e	M1_D15	a5280cd7-9e04-406c-b986-be03222b787e
bb3c5627-8542-4a61-b637-adf9da367b96	M1_D15	bb3c5627-8542-4a61-b637-adf9da367b96
9a86b855-9d66-4ced-bbf6-ab3c1d6501cb	M1_D15	9a86b855-9d66-4ced-bbf6-ab3c1d6501cb
b3f9d530-ceb5-4057-a739-70978dc17c6f	M3_D15	b3f9d530-ceb5-4057-a739-70978dc17c6f
f19fecbc-bb93-4a25-aaa3-328be555dec6	M3_D15	f19fecbc-bb93-4a25-aaa3-328be555dec6
ed89a30a-9315-43ab-b828-2b7bbd1e1f07	M4_D6	ed89a30a-9315-43ab-b828-2b7bbd1e1f07
65250bdc-4ff8-486e-b7e1-dbb74f407a6f	M5_D15	65250bdc-4ff8-486e-b7e1-dbb74f407a6f
5d72d1a3-7705-46af-b6af-343657e0c495	M5_D18	5d72d1a3-7705-46af-b6af-343657e0c495
a25bfa96-0ca3-4633-a216-fa6fea7b5693	M5_D18	a25bfa96-0ca3-4633-a216-fa6fea7b5693
5a419bf9-43b3-4a88-9d19-eb7a9fcad798	M5_D18	a25bfa96-0ca3-4633-a216-fa6fea7b5693
879d2c1c-14db-44a3-b9ec-898c5aebceb2	M5_D18	a25bfa96-0ca3-4633-a216-fa6fea7b5693
5e4421ca-d140-4ab8-ac75-b813c89e4283	M5_D18	5e4421ca-d140-4ab8-ac75-b813c89e4283
ead2507d-fb79-402d-b46a-a18cafc4cc50	M5_D18	ead2507d-fb79-402d-b46a-a18cafc4cc50
d226acfe-03d2-4814-a235-00b742a69e0b	M5_D18	d226acfe-03d2-4814-a235-00b742a69e0b
80a474d0-57de-582f-a82e-453801e1dddd	M5_D18	80a474d0-57de-582f-a82e-453801e1dddd
df5f6afb-86c1-4854-978a-6e7b2afc4566	M5_D18	df5f6afb-86c1-4854-978a-6e7b2afc4566
fc08009e-fe5c-473e-9be9-2b490ee06846	M5_D18	fc08009e-fe5c-473e-9be9-2b490ee06846
3e4643a7-c5d2-4336-8e95-baba881438ed	M5_D18	fc08009e-fe5c-473e-9be9-2b490ee06846
53a0a682-6e86-4e0c-9097-0cdf8d0e387b	M5_D18	53a0a682-6e86-4e0c-9097-0cdf8d0e387b
519a4cd1-8015-4da7-ac3a-90c780dc63f6	M5_D18	519a4cd1-8015-4da7-ac3a-90c780dc63f6
01928031-718a-4565-9428-43961cf9a8b6	M5_D18	01928031-718a-4565-9428-43961cf9a8b6
9fee3f8c-de0d-4b15-a8ec-a9d69f190d18	M5_D18	9fee3f8c-de0d-4b15-a8ec-a9d69f190d18
c49fc9a6-5fcc-4619-950b-268a94a57a97	M5_D18	c49fc9a6-5fcc-4619-950b-268a94a57a97
74481176-0926-4661-af7a-4382df94de4c	M1_D15	74481176-0926-4661-af7a-4382df94de4c
b0415c32-617a-4a45-9d02-abd9d35ab1dc	M1_D15	b0415c32-617a-4a45-9d02-abd9d35ab1dc
474afef3-b954-5277-a77d-97b1bedaa715	M1_D15	474afef3-b954-5277-a77d-97b1bedaa715
ba60fd05-1903-4a40-a68a-2f22283dd347	M5_D18	ba60fd05-1903-4a40-a68a-2f22283dd347
88726b6c-ba00-4333-a050-dda0fad48f91	M5_D18	88726b6c-ba00-4333-a050-dda0fad48f91
236a513d-83ae-444a-8923-eda3a06588ea	M5_D18	236a513d-83ae-444a-8923-eda3a06588ea
1437e74a-3912-41de-ab84-5b308bff9e6e	M5_D18	1437e74a-3912-41de-ab84-5b308bff9e6e
91397241-9737-528d-87c6-be62f32fd195	M5_D18	1437e74a-3912-41de-ab84-5b308bff9e6e
476ae9ff-9cd6-413e-a341-b125ee639880	M5_D18	476ae9ff-9cd6-413e-a341-b125ee639880
323a61f3-223e-4a9a-86ae-7ad300c06fa6	M5_D18	323a61f3-223e-4a9a-86ae-7ad300c06fa6
1c302ab6-b535-41a0-8884-5d6475885a01	M5_D18	1c6d633d-9170-42de-a100-417e32d641c1
700ec884-b3f2-5f91-a67e-6c822b154ef2	M5_D18	1c6d633d-9170-42de-a100-417e32d641c1
1c6d633d-9170-42de-a100-417e32d641c1	M5_D18	1c6d633d-9170-42de-a100-417e32d641c1
2cbc73dd-0cad-4000-b26e-11662891f454	M5_D18	2c15c617-977a-4907-9d5e-ef9b02e2ccc7
1f865666-4acb-4f35-9d39-5a6f94008e1f	M5_D18	2c15c617-977a-4907-9d5e-ef9b02e2ccc7
2c15c617-977a-4907-9d5e-ef9b02e2ccc7	M5_D18	2c15c617-977a-4907-9d5e-ef9b02e2ccc7
79d2ebe3-9a47-41c8-a13a-69184851d7f0	M5_D18	2c15c617-977a-4907-9d5e-ef9b02e2ccc7
9a42d9af-0359-4903-83f6-1e2cd0cfba6f	M5_D18	9a42d9af-0359-4903-83f6-1e2cd0cfba6f
ca77499d-bc99-4dee-b608-470c7c05774f	M5_D18	ca77499d-bc99-4dee-b608-470c7c05774f
be6a17eb-d251-41b5-938c-525bb143a756	M5_D18	be6a17eb-d251-41b5-938c-525bb143a756
93bfd738-0cb0-49c8-ac81-886ee2b1ec6e	M5_D18	93bfd738-0cb0-49c8-ac81-886ee2b1ec6e
8659df89-c121-446a-b5d1-4ac337b7ba1f	M1_D15	8659df89-c121-446a-b5d1-4ac337b7ba1f
0f0ff4da-cdb3-4d5b-9c03-f4efbdd64854	M1_D15	0f0ff4da-cdb3-4d5b-9c03-f4efbdd64854
c9cfe710-1353-4d99-aecd-453bb991c7c8	M3_D15	c9cfe710-1353-4d99-aecd-453bb991c7c8
a8f833f8-4421-4952-a89d-688e5e90ffd6	M4_D13	a8f833f8-4421-4952-a89d-688e5e90ffd6
3651b920-c065-4eca-92e7-29f8afaa8194	M5_D15	3651b920-c065-4eca-92e7-29f8afaa8194
b00076dd-9810-4d6c-961c-7df64b53ff25	M5_D15	b00076dd-9810-4d6c-961c-7df64b53ff25
9542e69a-2613-55d1-b883-d3066614deff	M5_D18	9542e69a-2613-55d1-b883-d3066614deff
a0e40aab-688f-4fb1-b582-76288e58beec	M5_D18	a0e40aab-688f-4fb1-b582-76288e58beec
9836c721-30f2-43d3-b057-c2033151ae6e	M5_D18	9836c721-30f2-43d3-b057-c2033151ae6e
529ecc5f-2e8d-568c-ba90-32d429e14cc0	M5_D18	529ecc5f-2e8d-568c-ba90-32d429e14cc0
6cae6c42-7513-41d5-a3b5-ab01e7c636c3	M5_D18	6cae6c42-7513-41d5-a3b5-ab01e7c636c3
81fca8cc-a59a-43c9-9671-6dc4f859e5d2	M5_D18	81fca8cc-a59a-43c9-9671-6dc4f859e5d2
4fd31489-8a28-4b5e-ad3d-d0d8c92317e7	M5_D18	4fd31489-8a28-4b5e-ad3d-d0d8c92317e7
0d623d19-708e-40aa-92ca-844d0e4820ef	M5_D18	0d623d19-708e-40aa-92ca-844d0e4820ef
733bbbc8-cd11-497d-89f7-f82a9f8e3002	M5_D18	733bbbc8-cd11-497d-89f7-f82a9f8e3002
aa6c9a32-b6db-4c45-a787-e418d81da1a0	M1_D15	aa6c9a32-b6db-4c45-a787-e418d81da1a0
3f63e458-9650-41bd-9e92-4329c6c22171	M2_D13	3f63e458-9650-41bd-9e92-4329c6c22171
1f7f6a96-e565-40f3-a56b-471661e5c238	M3_D15	1f7f6a96-e565-40f3-a56b-471661e5c238
3b3103c0-7079-4ede-94d8-200d87620d14	M3_D15	3b3103c0-7079-4ede-94d8-200d87620d14
c1498e90-9ebe-4f88-ae4f-6c2d9a435ba9	M5_D18	c1498e90-9ebe-4f88-ae4f-6c2d9a435ba9
4cfb4d3e-b9d2-4f4a-960a-67c696f01c4d	M5_D18	c1498e90-9ebe-4f88-ae4f-6c2d9a435ba9
fdea9fb8-d81e-423d-8f85-7f18699bd017	M5_D18	fdea9fb8-d81e-423d-8f85-7f18699bd017
2e75326c-11fc-47f6-9fa0-85c791fe5f2e	M5_D18	2e75326c-11fc-47f6-9fa0-85c791fe5f2e
6e1d8a98-063c-4e29-8f10-16c8970d4eb6	M5_D18	6e1d8a98-063c-4e29-8f10-16c8970d4eb6
b6ec8fb6-92ae-408a-b527-b34aad09ece4	M5_D18	b6ec8fb6-92ae-408a-b527-b34aad09ece4
6cbd18dd-20f7-460a-a87e-1e3d1730d99c	M5_D18	6cbd18dd-20f7-460a-a87e-1e3d1730d99c
d41f5aae-fc2f-4157-a00b-75710e7a45b6	M5_D18	d41f5aae-fc2f-4157-a00b-75710e7a45b6
bd21ea38-1be7-40a4-8872-92d7ed33e8a6	M5_D18	bd21ea38-1be7-40a4-8872-92d7ed33e8a6
efb08a44-e56d-4cb4-9d2c-d3e6b574707b	M5_D18	efb08a44-e56d-4cb4-9d2c-d3e6b574707b
3d628c14-9d1f-404e-afe2-6a5c347c0ea9	M5_D18	3d628c14-9d1f-404e-afe2-6a5c347c0ea9
376a34e1-5160-4938-a9d0-11df82b687e3	M5_D18	376a34e1-5160-4938-a9d0-11df82b687e3
b738ae9d-742a-46a9-a01b-5188a6b3caa6	M5_D18	b738ae9d-742a-46a9-a01b-5188a6b3caa6
a4ea056f-869a-4627-8604-401495eb3e4c	M5_D18	a4ea056f-869a-4627-8604-401495eb3e4c
f444aa61-3c9a-498c-9e06-9589d9485b4f	M5_D18	f444aa61-3c9a-498c-9e06-9589d9485b4f
45946df1-1518-4629-af2c-76c8c3f9997d	M1_D15	45946df1-1518-4629-af2c-76c8c3f9997d
b4168db6-f6db-40d9-8248-ba0b4bf9df12	M2_D13	b4168db6-f6db-40d9-8248-ba0b4bf9df12
81b5b1d7-98a1-48c5-9f7d-0a4b6e076481	M5_D18	81b5b1d7-98a1-48c5-9f7d-0a4b6e076481
493d62c1-2e0d-4f74-b43f-ecd1d1822314	M5_D18	493d62c1-2e0d-4f74-b43f-ecd1d1822314
4888f7e5-7f70-4f76-8bda-11e9c46eaeb9	M5_D18	4888f7e5-7f70-4f76-8bda-11e9c46eaeb9
3537841c-f33c-459a-a589-ef8ce82ff0c0	M5_D18	3537841c-f33c-459a-a589-ef8ce82ff0c0
f8cf0ab1-a678-414b-93c1-3b2c098cf0f0	M5_D18	f8cf0ab1-a678-414b-93c1-3b2c098cf0f0
448f8d4f-aa41-4776-bcea-7467a55e7c2d	M5_D18	448f8d4f-aa41-4776-bcea-7467a55e7c2d
5ec702fc-7421-49a0-b689-9f730a3b7e15	M5_D18	5ec702fc-7421-49a0-b689-9f730a3b7e15
e6825f35-a480-4f5e-b07e-c5aa7665740c	M5_D18	e6825f35-a480-4f5e-b07e-c5aa7665740c
c15760e2-af05-4936-b402-5575799a24c2	M5_D18	c15760e2-af05-4936-b402-5575799a24c2
e8cef896-b020-46db-a399-c7e22db70ed7	M1_D15	e8cef896-b020-46db-a399-c7e22db70ed7
eebc7b30-ae28-46ae-9689-2f68e6e94ebe	M1_D15	eebc7b30-ae28-46ae-9689-2f68e6e94ebe
652112dc-f85e-4176-92f4-466ea88e9c78	M3_D15	652112dc-f85e-4176-92f4-466ea88e9c78
0a0954fb-4006-4b75-8f64-771d20856211	M4_D13	0a0954fb-4006-4b75-8f64-771d20856211
9bb95134-cf13-4d2d-a8bd-c79402dc8211	M5_D15	9bb95134-cf13-4d2d-a8bd-c79402dc8211
85c03ffa-f636-4a9a-a5bb-c08ce64855ff	M5_D18	85c03ffa-f636-4a9a-a5bb-c08ce64855ff
0093f349-d594-5883-8245-9bd244240f35	M5_D18	0093f349-d594-5883-8245-9bd244240f35
66031abb-20b7-48ec-9e57-aa46b4479057	M5_D18	66031abb-20b7-48ec-9e57-aa46b4479057
d2172f16-e18f-4878-897e-39bf34a35c45	M5_D18	d2172f16-e18f-4878-897e-39bf34a35c45
63c25feb-bfdb-4092-8479-d100ec4f8434	M5_D18	63c25feb-bfdb-4092-8479-d100ec4f8434
9871fa73-73d0-4ffe-8a4f-3b8f47d9bb35	M5_D18	9871fa73-73d0-4ffe-8a4f-3b8f47d9bb35
dd5fe54d-a676-4194-99a1-8ef96c29899a	M5_D18	01c3d76e-41fb-413a-9ac7-4cc1bf46c643
01c3d76e-41fb-413a-9ac7-4cc1bf46c643	M5_D18	01c3d76e-41fb-413a-9ac7-4cc1bf46c643
b290b399-d3c9-4e55-bf30-a5183a118345	M5_D18	b290b399-d3c9-4e55-bf30-a5183a118345
c3a33308-0623-4c5c-ad46-1ce0b5c02870	M1_D15	c3a33308-0623-4c5c-ad46-1ce0b5c02870
7739ee47-ba83-44f9-b9f1-c1535d329f30	M1_D15	7739ee47-ba83-44f9-b9f1-c1535d329f30
fbea7589-750c-41e9-9644-cb5013a592c4	M1_D15	fbea7589-750c-41e9-9644-cb5013a592c4
a685ee77-06ac-5f57-ae4d-7d6da43a171c	M1_D15	a685ee77-06ac-5f57-ae4d-7d6da43a171c
631c960c-caef-4384-bb5b-e2f0a34ffca2	M2_D13	631c960c-caef-4384-bb5b-e2f0a34ffca2
a290be3a-3dcc-41bb-9d36-760d10d17be2	M5_D15	a290be3a-3dcc-41bb-9d36-760d10d17be2
66ab03c9-c4c0-4dde-a01a-37621b435e7e	M5_D18	66ab03c9-c4c0-4dde-a01a-37621b435e7e
19034671-935d-4537-9f15-8bbb5e963609	M5_D18	19034671-935d-4537-9f15-8bbb5e963609
f511eec7-ef3d-417f-ad48-837293fab715	M5_D18	f511eec7-ef3d-417f-ad48-837293fab715
07d47768-a764-4bee-8456-a4b8542703a7	M5_D18	07d47768-a764-4bee-8456-a4b8542703a7
2460d6cb-a249-4f2f-9ed9-14d1229cb5a8	M5_D18	2460d6cb-a249-4f2f-9ed9-14d1229cb5a8
912345bd-6fb7-440b-bfb3-66ffde3d871f	M3_D15	912345bd-6fb7-440b-bfb3-66ffde3d871f
0853c7bd-57f6-4906-838a-4ffa9dd5a116	M5_D15	0853c7bd-57f6-4906-838a-4ffa9dd5a116
6dc08fe2-2246-46f5-a8e6-7eda82e420da	M5_D15	6dc08fe2-2246-46f5-a8e6-7eda82e420da
52169cc1-579e-4473-b1c6-a6f4ce2cac96	M5_D15	52169cc1-579e-4473-b1c6-a6f4ce2cac96
e111feb5-f1e9-5c2c-9f44-a9463a4586ce	M5_D18	e111feb5-f1e9-5c2c-9f44-a9463a4586ce
3180ffe0-9340-4cc1-b4d2-bf09a2f656ff	M5_D18	3180ffe0-9340-4cc1-b4d2-bf09a2f656ff
f3207b7c-ba7d-4101-8d11-c9d97f1b89a8	M5_D18	f3207b7c-ba7d-4101-8d11-c9d97f1b89a8
abc5d737-98c1-4c7b-a11d-48c934c470f7	M5_D18	abc5d737-98c1-4c7b-a11d-48c934c470f7
490a7385-31ea-4204-8935-7279c0cba09b	M5_D18	490a7385-31ea-4204-8935-7279c0cba09b
bf98649e-d1e0-4662-b628-30a5f6451931	M5_D18	bf98649e-d1e0-4662-b628-30a5f6451931
8028c873-b6f0-4931-b35f-b95855f714ba	M5_D18	8028c873-b6f0-4931-b35f-b95855f714ba
682b028e-48c3-4697-9eb8-85e5c3f9f3be	M5_D18	682b028e-48c3-4697-9eb8-85e5c3f9f3be
67791040-6679-4bac-8879-53f3cefa84e9	M5_D18	67791040-6679-4bac-8879-53f3cefa84e9
f8c552f4-43f2-4670-9c33-71fc3908584e	M5_D18	f8c552f4-43f2-4670-9c33-71fc3908584e
aa3dffd0-a8f8-4e23-bc40-4e6d0895f9ae	M1_D15	aa3dffd0-a8f8-4e23-bc40-4e6d0895f9ae
2e7f1687-9aae-4228-b1e6-2f3821754f34	M1_D15	2e7f1687-9aae-4228-b1e6-2f3821754f34
9c98c457-ff5b-495a-8a4b-341b6ddba50b	M3_D15	9c98c457-ff5b-495a-8a4b-341b6ddba50b
dfe8f08a-59c9-4998-9385-063226d12030	M5_D15	dfe8f08a-59c9-4998-9385-063226d12030
26058fdd-2c3a-412b-bbdd-f161927d43a6	M5_D18	26058fdd-2c3a-412b-bbdd-f161927d43a6
92238c16-c545-4b5c-848d-ca9a2774b43e	M5_D18	92238c16-c545-4b5c-848d-ca9a2774b43e
89c69c04-5122-43b7-8d33-604962907863	M5_D18	89c69c04-5122-43b7-8d33-604962907863
2e2686a5-9f49-4f89-a1e6-adcc7130d034	M5_D18	2e2686a5-9f49-4f89-a1e6-adcc7130d034
18796b5f-ceec-4760-9eb0-b06a8f7c6932	M5_D18	18796b5f-ceec-4760-9eb0-b06a8f7c6932
93fbcf7c-c257-58f9-9de6-cb82ffb0ce25	M5_D18	93fbcf7c-c257-58f9-9de6-cb82ffb0ce25
5f6006ef-e928-4da6-b918-a8dfb011932f	M5_D18	5f6006ef-e928-4da6-b918-a8dfb011932f
cd52ef71-24d9-4dd7-af31-21401e7c2669	M5_D18	cd52ef71-24d9-4dd7-af31-21401e7c2669
b9890694-f14d-45c5-8d82-412a9d591527	M5_D18	b9890694-f14d-45c5-8d82-412a9d591527
b77990f7-22ca-4134-a57f-97f4f18b2776	M5_D18	b77990f7-22ca-4134-a57f-97f4f18b2776
e6433c85-7e36-4763-992c-6b8a3cb1a1c3	M1_D15	e6433c85-7e36-4763-992c-6b8a3cb1a1c3
f7982a6c-d808-5cb7-9c61-eacff826eaf2	M1_D15	f7982a6c-d808-5cb7-9c61-eacff826eaf2
85bd20eb-07a9-4cb6-b384-3cf03ccad8d3	M4_D6	85bd20eb-07a9-4cb6-b384-3cf03ccad8d3
98425402-5351-4c6c-a4e4-37c2f1928000	M5_D15	98425402-5351-4c6c-a4e4-37c2f1928000
f9145565-fa9a-4a9c-892b-61980254cf36	M5_D18	f9145565-fa9a-4a9c-892b-61980254cf36
c3b6d4b9-7afa-41a8-b077-fd4e8da74ca9	M5_D18	c3b6d4b9-7afa-41a8-b077-fd4e8da74ca9
19978db8-0ad8-49fc-8551-994976d3e246	M5_D18	19978db8-0ad8-49fc-8551-994976d3e246
e4d7e02b-4ce4-4657-9411-1179ce550712	M5_D18	e4d7e02b-4ce4-4657-9411-1179ce550712
22183633-dcb8-4c99-bb24-90c3d2db9829	M5_D18	22183633-dcb8-4c99-bb24-90c3d2db9829
5bc38024-d890-5822-b8ed-a919a3feee10	M5_D18	5bc38024-d890-5822-b8ed-a919a3feee10
8a8e41c7-c6a9-5433-92b5-182b25ba0a47	M5_D18	8a8e41c7-c6a9-5433-92b5-182b25ba0a47
814441fb-8527-452a-acf4-bbd9d77f3d6d	M5_D18	814441fb-8527-452a-acf4-bbd9d77f3d6d
12d7e89a-7585-48be-9885-5b18a0bad26e	M5_D18	12d7e89a-7585-48be-9885-5b18a0bad26e
d451b323-ab2d-477d-bcf4-824aac16104e	M5_D18	d451b323-ab2d-477d-bcf4-824aac16104e
248cb63a-3f6c-481c-80a2-41afbbb4a0db	M5_D18	248cb63a-3f6c-481c-80a2-41afbbb4a0db
c26065db-6ff7-43a6-8ca1-7ac164445763	M5_D18	c26065db-6ff7-43a6-8ca1-7ac164445763
960ca7e7-6c64-4604-988e-47e04ee55340	M1_D15	960ca7e7-6c64-4604-988e-47e04ee55340
77019f4c-51b4-4be9-9b75-48d9d2ece261	M1_D15	77019f4c-51b4-4be9-9b75-48d9d2ece261
fbfa2c69-87cb-5a6b-bab3-9afa557c1824	M1_D15	fbfa2c69-87cb-5a6b-bab3-9afa557c1824
d39a4567-7868-41ad-a449-4764917ed509	M2_D6	d39a4567-7868-41ad-a449-4764917ed509
d410fe9e-fee3-4adc-8d89-a20784491f97	M3_D15	d410fe9e-fee3-4adc-8d89-a20784491f97
0c52fc03-e786-4c17-8221-7243f45cd5f8	M5_D15	0c52fc03-e786-4c17-8221-7243f45cd5f8
eb6903c5-2431-422f-8e01-6102459e6dfa	M5_D18	eb6903c5-2431-422f-8e01-6102459e6dfa
c92d2569-0cc8-4cbc-ac99-001c3af0fb98	M5_D18	c92d2569-0cc8-4cbc-ac99-001c3af0fb98
44952c1a-c828-482e-a1c8-8a2be7394a1f	M5_D18	44952c1a-c828-482e-a1c8-8a2be7394a1f
ffb56639-342d-4758-91d4-31c5ce308845	M5_D18	ffb56639-342d-4758-91d4-31c5ce308845
c98c2a60-8fc2-4eba-90bb-1c5a19bbb388	M5_D18	c98c2a60-8fc2-4eba-90bb-1c5a19bbb388
35ba9465-df59-5292-a9d5-91e8eae5cd44	M5_D18	35ba9465-df59-5292-a9d5-91e8eae5cd44
8f34b96c-30e7-4a4b-96f7-7eb095489992	M1_D15	8f34b96c-30e7-4a4b-96f7-7eb095489992
b3fe4876-e725-46e9-875d-1e9a609a607c	M3_D15	b3fe4876-e725-46e9-875d-1e9a609a607c
9ae3e3b1-23b9-4143-a4a4-aca20cd54bdd	M3_D15	9ae3e3b1-23b9-4143-a4a4-aca20cd54bdd
d701a81c-695a-47c0-b1df-05d35d7d071a	M3_D15	d701a81c-695a-47c0-b1df-05d35d7d071a
91227771-fa6f-4e2c-83db-9f62321f3b74	M4_D6	91227771-fa6f-4e2c-83db-9f62321f3b74
990beb26-c444-43a4-afdd-07ffbc457c26	M5_D15	990beb26-c444-43a4-afdd-07ffbc457c26
9254bf2d-98d8-49a9-a854-51b6cfa7866c	M5_D18	9254bf2d-98d8-49a9-a854-51b6cfa7866c
eeed84dc-0605-4668-9442-6d6367902959	M5_D18	eeed84dc-0605-4668-9442-6d6367902959
1eac1ea2-78be-4214-b3fc-ea3f6a210ac3	M5_D18	1eac1ea2-78be-4214-b3fc-ea3f6a210ac3
5675dd99-3d07-440d-bf6b-57b0f5e4e3f4	M1_D15	5675dd99-3d07-440d-bf6b-57b0f5e4e3f4
aee41d34-5758-44cb-9b9e-335351ee2fdb	M1_D15	aee41d34-5758-44cb-9b9e-335351ee2fdb
f296235d-754c-4301-afd9-cd7d564a9aab	M2_D13	f296235d-754c-4301-afd9-cd7d564a9aab
17223185-4651-4795-8d9b-fbe364cb4391	M4_D13	17223185-4651-4795-8d9b-fbe364cb4391
469c7bb5-101f-4c5a-ad55-599b865e68c3	M5_D18	469c7bb5-101f-4c5a-ad55-599b865e68c3
81b01f71-1b36-4e09-af6f-ca9082e62e6d	M5_D18	81b01f71-1b36-4e09-af6f-ca9082e62e6d
59ed224f-d2fa-4f3c-bad9-377ec38ab850	M5_D18	59ed224f-d2fa-4f3c-bad9-377ec38ab850
95ef5552-3cad-4fde-aa5d-81fd8d026aa6	M5_D18	95ef5552-3cad-4fde-aa5d-81fd8d026aa6
c75b4208-12f8-4855-bb06-b8db9ddf688c	M5_D18	c75b4208-12f8-4855-bb06-b8db9ddf688c
d4e25dec-2717-4dd1-96a6-630e8654f0d4	M5_D18	d4e25dec-2717-4dd1-96a6-630e8654f0d4
b7688772-513a-4bb9-b919-0ed56d094cee	M5_D18	b7688772-513a-4bb9-b919-0ed56d094cee
26853a63-b25b-4109-81ec-9f0ee4388712	M5_D18	26853a63-b25b-4109-81ec-9f0ee4388712
65ee5e1b-d03d-42a0-b99b-4d7dde3e0027	M5_D18	65ee5e1b-d03d-42a0-b99b-4d7dde3e0027
1ea4ac91-42a8-4a88-a668-341eee5f0b9e	M5_D18	1ea4ac91-42a8-4a88-a668-341eee5f0b9e
976a3524-cb2b-4ffe-95f9-e3590dbfde85	M5_D18	976a3524-cb2b-4ffe-95f9-e3590dbfde85
7b14a845-adce-4a25-b08a-577ff1e517fd	M4_D13	7b14a845-adce-4a25-b08a-577ff1e517fd
1740ef75-b853-4a9f-b431-45782ace8be4	M5_D18	1740ef75-b853-4a9f-b431-45782ace8be4
5244fadc-202a-4521-bff7-aed2590302bb	M5_D18	5244fadc-202a-4521-bff7-aed2590302bb
66267854-80ec-436d-8908-7b5d2dbb7c73	M5_D18	66267854-80ec-436d-8908-7b5d2dbb7c73
10829b24-b092-40b9-bd42-2bcb90ac8112	M5_D18	10829b24-b092-40b9-bd42-2bcb90ac8112
bcc16b89-55e1-467f-89e5-fe62bd6a55cd	M5_D18	bcc16b89-55e1-467f-89e5-fe62bd6a55cd
83f60b6e-6868-4a03-8be2-143fcd9226ce	M5_D18	83f60b6e-6868-4a03-8be2-143fcd9226ce
2fd8f13f-09f2-46dd-a187-4e1cd218784d	M1_D15	2fd8f13f-09f2-46dd-a187-4e1cd218784d
50bda1b1-6bdb-4002-a212-0af247c1234a	M4_D13	50bda1b1-6bdb-4002-a212-0af247c1234a
f424983b-eb00-4e46-b5e9-a535fec48bd3	M5_D18	f424983b-eb00-4e46-b5e9-a535fec48bd3
14293404-cf51-452b-b970-0aeb55c75b1f	M5_D18	14293404-cf51-452b-b970-0aeb55c75b1f
0dfbcd65-50e4-465f-8140-06b14b7799a6	M5_D18	0dfbcd65-50e4-465f-8140-06b14b7799a6
65a7b694-ff7c-4b39-b628-3fa70d64c7cb	M5_D18	65a7b694-ff7c-4b39-b628-3fa70d64c7cb
a30b82da-8c0a-4e2d-bb92-98394d10e3f2	M5_D18	a30b82da-8c0a-4e2d-bb92-98394d10e3f2
18bfd96c-2e7d-4e86-9a32-06a44efc14a5	M5_D18	18bfd96c-2e7d-4e86-9a32-06a44efc14a5
79b02f54-879b-48b0-8987-18e91b1e2609	M5_D15	79b02f54-879b-48b0-8987-18e91b1e2609
8a53e972-77ba-4411-b4e6-2a7df97752de	M5_D18	8a53e972-77ba-4411-b4e6-2a7df97752de
c89d241b-4ac9-43c5-98fc-78411df967cd	M5_D18	c89d241b-4ac9-43c5-98fc-78411df967cd
6d0171fe-8583-4e00-9b33-f338b2c66585	M5_D18	6d0171fe-8583-4e00-9b33-f338b2c66585
89038671-7a00-4928-8737-7c6b53f7545e	M5_D18	89038671-7a00-4928-8737-7c6b53f7545e
af957eff-11ee-4b0a-b6ca-50e486276786	M5_D18	af957eff-11ee-4b0a-b6ca-50e486276786
da5f72f3-0800-4ba4-adf6-225bd5cfe75b	M5_D18	da5f72f3-0800-4ba4-adf6-225bd5cfe75b
92442169-6f7d-4c03-891b-9e65475af1f7	M5_D18	92442169-6f7d-4c03-891b-9e65475af1f7
a10053d4-4487-484d-b4f7-76faae2d43ae	M5_D18	a10053d4-4487-484d-b4f7-76faae2d43ae
1d32323a-b72c-498b-b6f5-38555f934ea3	M5_D18	1d32323a-b72c-498b-b6f5-38555f934ea3
ad7e6fb5-7e8c-44dc-a79d-13c85f2e2b72	M5_D15	ad7e6fb5-7e8c-44dc-a79d-13c85f2e2b72
5f169e5c-2a3e-4bb8-ae55-506ad0ccb4fb	M5_D15	5f169e5c-2a3e-4bb8-ae55-506ad0ccb4fb
a0ae4ee6-db97-4d9c-9780-015f42387c25	M5_D18	a0ae4ee6-db97-4d9c-9780-015f42387c25
a472dfcc-b394-45b4-8866-3c74b544e27d	M5_D18	a472dfcc-b394-45b4-8866-3c74b544e27d
750c8b76-b528-41f1-8a49-46de441081d3	M5_D18	750c8b76-b528-41f1-8a49-46de441081d3
d2d73e91-9b3a-42ef-8f7b-0227fec635cc	M5_D18	d2d73e91-9b3a-42ef-8f7b-0227fec635cc
615e72d3-38a5-5f49-b556-c5d47757682d	M5_D18	615e72d3-38a5-5f49-b556-c5d47757682d
bbb40671-3872-41f4-af5c-fb972760597a	M1_D15	bbb40671-3872-41f4-af5c-fb972760597a
939c08ff-dacf-4275-9e9e-2c0d6e100fa0	M1_D15	939c08ff-dacf-4275-9e9e-2c0d6e100fa0
02238174-ccec-5244-a1c1-d68d8fc32e79	M4_D13	02238174-ccec-5244-a1c1-d68d8fc32e79
658d7acc-9f91-4b70-8df7-ef3c28c237e4	M4_D6	658d7acc-9f91-4b70-8df7-ef3c28c237e4
ab748de5-7f60-45df-9294-81fe34932c39	M4_D6	ab748de5-7f60-45df-9294-81fe34932c39
b4b09cce-53cd-4b3a-862f-88f4aab0d2ab	M5_D18	b4b09cce-53cd-4b3a-862f-88f4aab0d2ab
67ccb131-5e71-4416-a8d6-ef40097a6792	M5_D18	67ccb131-5e71-4416-a8d6-ef40097a6792
c4e97909-1a74-4fa7-b56b-21b94361ced0	M5_D18	c4e97909-1a74-4fa7-b56b-21b94361ced0
790fee9a-9318-4312-9e7e-93457fff0d6c	M5_D18	790fee9a-9318-4312-9e7e-93457fff0d6c
3622992b-fa43-4ffd-861d-5ff33c593084	M5_D18	3622992b-fa43-4ffd-861d-5ff33c593084
4264c6cc-fdd3-4af5-892f-5972e99f441d	M5_D15	4264c6cc-fdd3-4af5-892f-5972e99f441d
16e265f0-796f-49db-86e3-d17e250eb2b0	M5_D18	16e265f0-796f-49db-86e3-d17e250eb2b0
876776a5-333f-4ee2-9992-82fa8cc3273d	M5_D18	876776a5-333f-4ee2-9992-82fa8cc3273d
7bfbdf18-b3b4-4da9-a701-a7a786d5389d	M5_D18	7bfbdf18-b3b4-4da9-a701-a7a786d5389d
9af4d0d4-1222-4e56-b529-a7f6e0b5f090	M3_D6	9af4d0d4-1222-4e56-b529-a7f6e0b5f090
c8970945-20cd-4513-a87f-3b4d82fc9c77	M5_D18	c8970945-20cd-4513-a87f-3b4d82fc9c77
75cbac1b-646e-4788-9ee0-7e77ebedbd3b	M5_D18	75cbac1b-646e-4788-9ee0-7e77ebedbd3b
6c85ba1c-ef3c-45d2-8c4b-aeca93fcb04c	M5_D18	6c85ba1c-ef3c-45d2-8c4b-aeca93fcb04c
0a5d364b-d95a-4c21-a5a2-21f74ba4fcfd	M5_D18	0a5d364b-d95a-4c21-a5a2-21f74ba4fcfd
018e5da1-5a90-43bb-9e97-40e15e723992	M5_D18	018e5da1-5a90-43bb-9e97-40e15e723992
1f271789-d9e6-43fe-93e7-ba485431b1a9	M5_D18	1f271789-d9e6-43fe-93e7-ba485431b1a9
211d412b-3cc6-4997-8b4e-e728d2f8b05b	M5_D18	211d412b-3cc6-4997-8b4e-e728d2f8b05b
22e8e682-b72f-4eef-ad5a-5aaebe6e4072	M5_D18	22e8e682-b72f-4eef-ad5a-5aaebe6e4072
da91c145-44a8-4ed9-a20a-86a22a3448ad	M5_D18	da91c145-44a8-4ed9-a20a-86a22a3448ad
9d21d22e-81aa-49ef-b319-846334e92b76	M5_D18	9d21d22e-81aa-49ef-b319-846334e92b76
6fad400f-a4b6-4d0f-af12-899d0c7dd950	M5_D18	6fad400f-a4b6-4d0f-af12-899d0c7dd950
3d8ceaba-6344-4cf5-88a7-d162de5bd36b	M5_D18	3d8ceaba-6344-4cf5-88a7-d162de5bd36b
1f8033bc-5b35-4b27-aee0-29ba542957f3	M5_D18	1f8033bc-5b35-4b27-aee0-29ba542957f3
b9573876-5e3f-4cd0-a5de-0377c8f20be6	M5_D18	b9573876-5e3f-4cd0-a5de-0377c8f20be6
129c031e-c053-4574-8202-c76d45e071ef	M3_D15	129c031e-c053-4574-8202-c76d45e071ef
bb0f039b-c2c3-479e-921f-85dfc421a73a	M5_D18	bb0f039b-c2c3-479e-921f-85dfc421a73a
a1387446-3f13-4dbf-8360-b4106be1380b	M5_D18	a1387446-3f13-4dbf-8360-b4106be1380b
2a9346c8-2d62-43dc-bbe7-450d9b9798d0	M5_D18	2a9346c8-2d62-43dc-bbe7-450d9b9798d0
c02de846-2b0d-49ce-bec2-dabece7abcb4	M5_D18	c02de846-2b0d-49ce-bec2-dabece7abcb4
7b88d6dc-9b14-54ba-9974-72f3fd889c70	M1_D15	7b88d6dc-9b14-54ba-9974-72f3fd889c70
b28a9038-9649-48a9-8190-bfcd695e3506	M5_D18	b28a9038-9649-48a9-8190-bfcd695e3506
63c21a3d-9cc2-4a01-9fb2-ee83c9bede22	M5_D18	63c21a3d-9cc2-4a01-9fb2-ee83c9bede22
1c94c8be-2a34-4644-87cf-9776a5363821	M5_D18	1c94c8be-2a34-4644-87cf-9776a5363821
f86ecfd9-69be-430a-b6d6-130e2bcf65ba	M5_D18	f86ecfd9-69be-430a-b6d6-130e2bcf65ba
ca0f7023-8e18-4692-bc35-f489805f00f3	M1_D6	ca0f7023-8e18-4692-bc35-f489805f00f3
30083408-7797-47c1-99a9-ee4fd6c52e4a	M4_D13	30083408-7797-47c1-99a9-ee4fd6c52e4a
1bf5c3aa-9afc-4cdc-a825-1ab55e996698	M5_D18	1bf5c3aa-9afc-4cdc-a825-1ab55e996698
541af27c-439d-4242-be93-ea6f44e4392b	M5_D18	541af27c-439d-4242-be93-ea6f44e4392b
5aafe85a-7247-4835-8e3c-c9558412f388	M2_D13	5aafe85a-7247-4835-8e3c-c9558412f388
c5165562-438d-5c1f-825a-9f499c43093c	M5_D15	c5165562-438d-5c1f-825a-9f499c43093c
00d82ca7-9f6d-4d88-a124-6a8d56112f4a	M1_D15	00d82ca7-9f6d-4d88-a124-6a8d56112f4a
44a653af-ea9f-456d-b415-8fc3cb5088b2	M5_D18	44a653af-ea9f-456d-b415-8fc3cb5088b2
7a9caa53-c930-5e6d-8e5d-f0398b4be192	M5_D18	7a9caa53-c930-5e6d-8e5d-f0398b4be192
21719473-4850-475a-9c4a-e54d766f379b	M5_D18	21719473-4850-475a-9c4a-e54d766f379b
e80cd3e0-1f45-4c53-902f-478e61cc4565	M2_D13	e80cd3e0-1f45-4c53-902f-478e61cc4565
7e3c49f0-0821-4b85-9986-f49a2fa41471	M2_D13	7e3c49f0-0821-4b85-9986-f49a2fa41471
adba5632-e98d-44a6-8586-20ac0b5d08da	M5_D18	adba5632-e98d-44a6-8586-20ac0b5d08da
30da07f4-19d3-4f2b-8dd5-4525e34e71d4	M5_D18	30da07f4-19d3-4f2b-8dd5-4525e34e71d4
fcba33c8-784b-41d4-a81c-15a90c834f67	M5_D18	fcba33c8-784b-41d4-a81c-15a90c834f67
df29b7bb-7df9-4d27-9089-0653216a9a5e	M5_D18	df29b7bb-7df9-4d27-9089-0653216a9a5e
0982b4a3-d502-4f39-a879-8a37d32996c6	M5_D18	0982b4a3-d502-4f39-a879-8a37d32996c6
0dc8a55a-d6c9-4d8b-a92a-17da44014282	M5_D18	0dc8a55a-d6c9-4d8b-a92a-17da44014282
66c9052e-8c6f-4d41-b79e-68b26b6d78d4	M1_D15	66c9052e-8c6f-4d41-b79e-68b26b6d78d4
9a8ac4b7-8c77-4d7b-975f-4e8c5852ac4f	M5_D18	9a8ac4b7-8c77-4d7b-975f-4e8c5852ac4f
5b136e82-538e-4aa7-a7f8-a80daa44e657	M5_D18	5b136e82-538e-4aa7-a7f8-a80daa44e657
7d09fa4d-0051-4bb6-b84f-fb6081de6adc	M1_D15	7d09fa4d-0051-4bb6-b84f-fb6081de6adc
c8c5e4e7-70bf-4a09-aaf2-e54330c7120c	M5_D18	c8c5e4e7-70bf-4a09-aaf2-e54330c7120c
aef26d2b-0d00-4064-86fc-0ec62ddb30ed	M5_D18	aef26d2b-0d00-4064-86fc-0ec62ddb30ed
8b54cda1-ef9c-45a1-af8a-483053d5077d	M5_D18	8b54cda1-ef9c-45a1-af8a-483053d5077d
20774a3e-5057-4513-975e-b053c978ca2f	M1_D6	20774a3e-5057-4513-975e-b053c978ca2f
82c6d414-32ac-4a94-a3a1-120e74624028	M5_D18	82c6d414-32ac-4a94-a3a1-120e74624028
81a69888-05c6-4df7-b530-7e5ea034caa3	M1_D15	81a69888-05c6-4df7-b530-7e5ea034caa3
d3306563-6a00-483d-9763-803cbe5380e5	M1_D6	d3306563-6a00-483d-9763-803cbe5380e5
03b1a8fd-ad6d-47eb-b91e-85656b61b8ac	M1_D15	03b1a8fd-ad6d-47eb-b91e-85656b61b8ac
cd374b93-f397-4dc6-af90-2142f22cb901	M3_D15	cd374b93-f397-4dc6-af90-2142f22cb901
14390e2a-c4e0-482d-9813-2428ac1c1a64	M5_D18	14390e2a-c4e0-482d-9813-2428ac1c1a64
cbadd26f-656b-4d27-a5f8-19202c84c3b0	M5_D18	cbadd26f-656b-4d27-a5f8-19202c84c3b0
32de0841-b047-4ccd-a0ae-a2aeb9cf7741	M1_D15	32de0841-b047-4ccd-a0ae-a2aeb9cf7741
baf0bd0a-dc15-44dd-9078-81e85bcf9ac5	M5_D18	baf0bd0a-dc15-44dd-9078-81e85bcf9ac5
303a24a8-0498-469f-a448-52f5e03955a9	M3_D15	303a24a8-0498-469f-a448-52f5e03955a9
e798533b-b85a-46d9-9c3e-8bf33aaac968	M5_D18	e798533b-b85a-46d9-9c3e-8bf33aaac968
ec489707-e96c-4e32-be43-3b9ba279e645	M3_D6	ec489707-e96c-4e32-be43-3b9ba279e645
472d41a4-b4eb-4505-80c6-7874c671cae2	M4_D13	472d41a4-b4eb-4505-80c6-7874c671cae2
7ca5c82b-2579-491e-a4eb-211e3b89eb64	M5_D18	7ca5c82b-2579-491e-a4eb-211e3b89eb64
ff714485-3ca6-46f5-bd0e-247b310540da	M5_D18	ff714485-3ca6-46f5-bd0e-247b310540da
46771372-c6bc-4200-b716-578de0a3aca7	M1_D15	46771372-c6bc-4200-b716-578de0a3aca7
2cad373f-d0cc-470f-83cb-2c2ef847f4bd	M5_D18	2cad373f-d0cc-470f-83cb-2c2ef847f4bd
0a88448c-f4db-48c3-9959-0e9656216c0c	M5_D18	0a88448c-f4db-48c3-9959-0e9656216c0c
67238c6d-35b9-4d73-adde-f96c42d35ff8	M1_D15	67238c6d-35b9-4d73-adde-f96c42d35ff8
427fd95d-9ace-4974-9b41-e6cc8fc81c21	M5_D18	427fd95d-9ace-4974-9b41-e6cc8fc81c21
e024267e-07f8-44f3-b905-d08b7411d4ca	M5_D18	e024267e-07f8-44f3-b905-d08b7411d4ca
9ef39f51-6eac-4116-aa96-6e96371d73ed	M5_D18	9ef39f51-6eac-4116-aa96-6e96371d73ed
72b5009a-493c-45af-a2d8-77d2da53c12a	M5_D18	72b5009a-493c-45af-a2d8-77d2da53c12a
3d5c7bb8-6c9b-41e8-9c55-7d86073d0f0f	M5_D18	3d5c7bb8-6c9b-41e8-9c55-7d86073d0f0f
2b8d51a4-b6ad-4f1f-842f-f5d7dc13181e	M1_D15	2b8d51a4-b6ad-4f1f-842f-f5d7dc13181e
a8c4cc3e-7596-4a01-b11a-b640e1172718	M1_D15	a8c4cc3e-7596-4a01-b11a-b640e1172718
144af661-a0ed-46e6-9d52-d143687e9a46	M5_D18	144af661-a0ed-46e6-9d52-d143687e9a46
2b7ff43c-cc98-4a1b-8ee0-f3201844164b	M5_D15	2b7ff43c-cc98-4a1b-8ee0-f3201844164b
31e1d00a-fc71-4dd8-8295-14c6f0bb0245	M5_D18	31e1d00a-fc71-4dd8-8295-14c6f0bb0245
e210e8b5-04fe-4bb6-af54-cf6fe8070514	M5_D18	e210e8b5-04fe-4bb6-af54-cf6fe8070514
8649cc30-5251-46a7-be1c-7df0099f4a83	M5_D18	8649cc30-5251-46a7-be1c-7df0099f4a83
e4ce1ba9-b75c-458f-b19c-c25787a57443	M5_D18	e4ce1ba9-b75c-458f-b19c-c25787a57443
d82a36b6-af40-5d17-9183-9f6b65c88120	M5_D15	d82a36b6-af40-5d17-9183-9f6b65c88120
4d5497fc-2be7-4088-b584-67cedc06d405	M3_D15	4d5497fc-2be7-4088-b584-67cedc06d405
213a070b-2983-462e-ae86-62935332d6cf	M5_D18	213a070b-2983-462e-ae86-62935332d6cf
